customer_id,customer_name,gender,birthDate,Region,email
1,HbolMJ,False,1981-11-02,North,chTOA@example.com
2,UevblA,False,1989-07-12,West,XDXLh@example.com
3,bkHClE,True,1984-10-25,South,MwVpb@example.com
4,QaPKri,False,1988-04-13,West,WmJuu@example.com
5,XrefSF,False,1989-01-12,West,VUVFj@example.com
6,PLBYtC,True,1991-08-22,North,wTPhN@example.com
7,RGSEKc,True,1985-11-30,South,nvkpp@example.com
8,lpemfo,True,1994-04-10,North,WxjOR@example.com
9,HstknW,True,1995-06-15,North,eBKAJ@example.com
10,HFiLit,True,1989-05-08,West,ssyXx@example.com
11,ZHCJRO,False,1991-05-06,West,VbNeh@example.com
12,lbqnkX,False,1995-12-13,North,VOEtG@example.com
13,TqIuVx,False,1995-10-20,North,UTcRg@example.com
14,nmDnEU,False,1991-11-13,North,IyNAR@example.com
15,ulZAec,False,1984-10-07,North,eoZfE@example.com
16,fGPvdt,True,1980-09-24,South,QDJSg@example.com
17,ZBYSaL,False,1992-07-15,South,EALKA@example.com
18,JBnHfw,True,1982-08-30,North,DYhUH@example.com
19,xXTnAj,True,1989-03-01,East,iGLWP@example.com
20,VTpHFh,True,1988-04-15,South,GkdhT@example.com
21,NCOBaq,False,1980-11-25,North,BmfbA@example.com
22,bWTRpd,False,1982-08-22,North,uWpzj@example.com
23,TXezdN,False,1988-05-25,North,mSnFw@example.com
24,NgyCnT,False,1990-11-24,East,Ighbh@example.com
25,wlCLkq,False,1983-03-16,North,MmAKk@example.com
26,ZHwAgl,True,1993-03-23,South,ypfEt@example.com
27,rElldG,True,1986-11-04,South,ouPyQ@example.com
28,lVSdmI,True,1984-02-08,West,hoguE@example.com
29,lgWDyO,True,1980-01-18,West,bHIxV@example.com
30,Pjfwwy,True,1987-10-27,South,shTxa@example.com
31,LJZfur,True,1981-01-01,East,iASkU@example.com
32,Smjxvo,True,1992-11-07,East,BAjhI@example.com
33,mWxSCc,False,1990-02-22,West,DxShO@example.com
34,ZRYWSi,False,1988-06-17,South,IWdRz@example.com
35,zludtZ,True,1996-02-24,South,YFjKA@example.com
36,nOxvXZ,True,1997-02-01,North,InKEE@example.com
37,CLipYE,True,1994-04-10,East,ERdbM@example.com
38,CMcEAS,True,1990-02-02,North,mIzJq@example.com
39,iXejEJ,False,1983-05-05,North,mOVPf@example.com
40,mgUmEG,False,1982-01-01,North,TLtYV@example.com
41,vEBWkL,False,1993-12-26,North,dnbMw@example.com
42,muIpqN,False,1985-03-22,East,tGbjf@example.com
43,dxZZdl,True,1992-02-18,North,xgHCk@example.com
44,nWTTti,False,1999-12-18,West,zJlMw@example.com
45,RKFZIa,False,1986-03-22,South,BPebX@example.com
46,QpIWgg,True,1999-06-03,North,fbhaO@example.com
47,fCoFLk,False,1980-07-22,South,DSrJX@example.com
48,GnzVRe,True,1997-11-09,North,LBjkR@example.com
49,woaOHn,True,1992-08-01,South,AsUSP@example.com
50,MCwadT,True,1994-06-10,West,wGTDg@example.com
51,VCREhg,True,1984-04-25,West,AfzcC@example.com
52,qUPSUk,True,1992-12-08,South,bQpRu@example.com
53,mfOTvG,True,1991-09-14,East,sTioB@example.com
54,iWSYQT,False,1990-09-03,East,mAFqG@example.com
55,bMrWPS,True,1980-06-01,South,CUEWZ@example.com
56,QnOfTS,True,1991-12-05,West,HbvkU@example.com
57,lQxpPl,True,1986-03-02,North,dkQrN@example.com
58,bkrSYo,True,1998-08-10,West,VdzPD@example.com
59,HuZBWf,False,1999-11-28,South,FRPrd@example.com
60,YjYnfw,True,1981-11-24,North,vMWUy@example.com
61,LqFAuD,True,1987-03-09,South,gLfzl@example.com
62,nKaWBL,True,1981-01-03,North,syOTl@example.com
63,MIsdIr,False,1980-07-09,East,WbOkF@example.com
64,qSLpqv,False,1984-01-18,East,tJazu@example.com
65,upgvWJ,True,1999-04-13,North,tgKCg@example.com
66,UGpCao,True,1988-07-26,East,gGUsr@example.com
67,wEIywl,True,1982-07-28,North,Vmeav@example.com
68,yUPieA,True,1983-10-09,East,NQBcP@example.com
69,GrQNIl,True,1984-02-05,North,Tmccw@example.com
70,kbmySd,False,1982-01-04,North,oqFUZ@example.com
71,vGkKzm,True,1989-02-18,South,guIId@example.com
72,IaNOfw,False,1981-04-27,South,WkKQU@example.com
73,jXAcmS,True,1984-01-26,West,SxptC@example.com
74,xPIZEX,True,1981-04-24,East,TmUqC@example.com
75,UFLARC,False,1982-03-19,South,fsvXz@example.com
76,UMynmH,True,1989-04-04,West,eVRBp@example.com
77,NBGoeo,True,1988-06-03,South,CgLOb@example.com
78,oqChmK,True,1984-07-17,East,mwNXb@example.com
79,KdvCvk,True,1993-05-22,East,RoEpY@example.com
80,vVEKSN,True,1991-01-21,East,dStat@example.com
81,tasNSX,True,1991-04-25,North,xltIB@example.com
82,vMCFll,False,1986-01-15,East,IbNWV@example.com
83,wbrJvi,True,1990-06-04,West,NrRnN@example.com
84,ygGbuD,True,1981-06-20,East,lbLGT@example.com
85,bHhyct,True,1989-02-20,East,OWNPC@example.com
86,lqNtNR,False,1999-11-16,North,XWoZB@example.com
87,nebCZs,False,1992-06-04,North,wLNnX@example.com
88,HOHNXk,False,1982-04-11,South,yZmVo@example.com
89,bhgIDl,True,1992-06-10,South,JoZOp@example.com
90,KNiFMf,True,1982-10-25,East,Dconn@example.com
91,QYfbqJ,True,1989-02-14,South,HOapI@example.com
92,XuLdJG,True,1998-12-24,West,RSxaa@example.com
93,fOSFgZ,True,1984-07-24,West,bsHCv@example.com
94,OswtAr,True,1992-02-14,West,EeUCX@example.com
95,SQfXHR,True,1985-07-01,North,wnOnz@example.com
96,KwMYoQ,False,1992-06-13,North,ljTIm@example.com
97,BzwMnS,True,1980-01-09,West,IjAwq@example.com
98,ReTmyF,True,1993-12-03,East,ClXZY@example.com
99,tbSjlP,True,1983-10-03,South,aRSCc@example.com
100,rTKoaX,True,1990-10-25,North,mfAfe@example.com
101,eLzNJH,False,1985-08-17,East,kDRJd@example.com
102,zPelJp,False,1987-11-18,South,wobFs@example.com
103,EyBwMr,True,1993-02-14,South,YUtXp@example.com
104,Kongkg,False,1981-01-07,West,btphE@example.com
105,BNjlzL,True,1991-12-24,East,fkqLM@example.com
106,YBofkl,True,1986-09-28,East,OLWtE@example.com
107,jaBoYC,False,1995-08-31,West,IhNHX@example.com
108,KgTzTD,False,1983-02-18,West,XZDZG@example.com
109,ywjcWy,False,1986-04-08,West,MCgTP@example.com
110,QudGch,True,1993-09-09,West,FIBqk@example.com
111,DpZgNF,True,1987-02-20,East,DVrPY@example.com
112,PlBxxS,False,1994-03-31,South,mqYKx@example.com
113,ZpGFMX,True,1995-11-15,South,XveDd@example.com
114,kkIijd,False,1985-07-07,West,szlOl@example.com
115,axEpmK,True,1987-08-30,West,RZWmV@example.com
116,KxJWOG,False,1993-06-12,West,JIFPr@example.com
117,IWwCHV,True,1995-07-08,West,gvAhz@example.com
118,QdipMD,True,1980-01-17,South,Tkjxi@example.com
119,pgJKXA,False,1980-02-05,West,vNKyf@example.com
120,zecwqn,False,1983-11-22,North,TRbid@example.com
121,eYRDXZ,False,1995-08-15,West,ABuvg@example.com
122,IocNyH,True,1997-02-06,South,KmprQ@example.com
123,VjEHze,True,1981-10-26,North,rFfLd@example.com
124,srISrK,False,1981-09-27,South,VXVGM@example.com
125,oXQCxq,False,1998-08-30,East,wNKML@example.com
126,qYvAZI,True,1995-01-29,North,EQAha@example.com
127,CvjsNG,False,1998-03-25,South,EJxqj@example.com
128,NkCWwK,False,1993-06-26,North,LoOmz@example.com
129,gYFmiC,False,1983-12-22,East,cABAW@example.com
130,CeZVxg,False,1982-10-19,West,otNXc@example.com
131,RzLAoR,False,1984-04-29,South,XTMwo@example.com
132,YmCtVA,True,1984-12-19,North,Tqsio@example.com
133,TSoPvW,False,1997-01-03,North,zliWn@example.com
134,AQopEZ,False,1995-11-27,East,Ffmoe@example.com
135,zhCrCC,False,1982-01-07,East,CAiFc@example.com
136,xqjKDm,True,1986-10-19,South,UBkzQ@example.com
137,OcMKQu,True,1985-04-03,East,toXwx@example.com
138,IQZzbA,False,1980-10-28,West,gxVLV@example.com
139,ETTwBx,False,1995-10-16,South,gUzeh@example.com
140,LvIiyY,True,1984-09-08,West,oIYPM@example.com
141,rKHSSS,True,1998-06-01,South,ldirx@example.com
142,tqLNTb,False,1982-06-27,South,MIdJU@example.com
143,dGVZMw,True,1991-03-22,South,bfKBj@example.com
144,fGTxKU,False,1992-05-17,North,DRGXG@example.com
145,cPpthB,False,1996-07-27,South,mETlk@example.com
146,DPieTG,True,1995-04-22,North,yzjzg@example.com
147,mVhxnn,True,1983-12-08,South,HeALl@example.com
148,aPUJiw,True,1982-11-16,West,wzFKc@example.com
149,rEHwnR,False,1982-11-09,North,JFGms@example.com
150,kuzmDD,False,1992-10-12,West,BXTRT@example.com
151,ZpYIoD,True,1991-09-25,East,IzGFC@example.com
152,JMcFzV,True,1986-02-25,North,plYUN@example.com
153,oPFsHG,True,1995-03-17,North,vxmwj@example.com
154,JLIRGU,False,1995-03-15,North,XIsug@example.com
155,HqwEMe,True,1985-09-02,West,TRSFJ@example.com
156,pMjgCY,False,1999-10-22,South,bnlSv@example.com
157,BVRnQz,True,1989-07-30,North,DqJvQ@example.com
158,PMrfYh,False,1994-07-31,South,wnczl@example.com
159,YSLYYP,True,1987-03-31,East,HcxlT@example.com
160,tPaBxI,True,1989-02-15,South,BOfYF@example.com
161,IEQWfm,False,1995-04-03,North,gCXbt@example.com
162,bTDVld,False,1991-02-11,South,OrsNd@example.com
163,QVpvhX,False,1997-01-08,North,ckBZR@example.com
164,pzfUhx,False,1996-03-05,North,uLpit@example.com
165,IMXvMi,False,1986-03-26,West,vCmaR@example.com
166,vfzvXb,False,1990-01-25,South,NBAPc@example.com
167,txXSfJ,False,1988-10-15,South,obGJb@example.com
168,CYsujg,False,1981-11-01,West,MQtuQ@example.com
169,SxIHFb,False,1980-07-26,South,TSdAK@example.com
170,OmgDdN,False,1995-06-19,East,MbMCV@example.com
171,klTrhU,True,1985-08-09,West,eEuRS@example.com
172,aShgnj,False,1987-05-21,West,OwMpx@example.com
173,IbaPmq,True,1994-01-15,East,fYDtw@example.com
174,jcMBMy,True,1980-08-16,West,lvooK@example.com
175,OAfAXc,False,1998-02-14,North,AtZLX@example.com
176,OTBxYd,False,1997-11-17,East,NLxEb@example.com
177,yuJzVd,False,1987-07-01,North,Oxyfq@example.com
178,eFdoGC,True,1982-06-02,South,hGeDk@example.com
179,qZBxFf,True,1987-08-23,North,WEeuR@example.com
180,KSHNLl,True,1987-06-25,North,BRNdz@example.com
181,xlrxve,True,1985-04-23,South,vMRbJ@example.com
182,wIthVd,True,1993-06-15,South,FTnkD@example.com
183,RefMQC,True,1997-02-19,North,zzXmx@example.com
184,EDrgsI,False,1990-01-05,West,zCMMV@example.com
185,NTLYFs,True,1981-12-01,West,wegaB@example.com
186,ElIlfR,True,1980-09-30,West,gkTfU@example.com
187,tNDPRY,False,1999-12-18,East,zGBhT@example.com
188,QFHbWR,False,1997-07-21,East,vagZL@example.com
189,njKqra,True,1997-12-30,South,ToqUD@example.com
190,TDuhGb,False,1986-10-05,West,ipJPX@example.com
191,MlvrtL,True,1989-09-07,South,tFykr@example.com
192,ODeciG,True,1995-03-13,East,MZWiL@example.com
193,JoIzwo,False,1981-03-03,North,yqjyZ@example.com
194,NfwoJz,False,1988-07-21,West,aKkex@example.com
195,IcuFap,True,1993-11-04,South,eGEdH@example.com
196,khnraM,False,1999-05-23,South,Trako@example.com
197,jtKARP,False,1994-10-18,West,VwLtN@example.com
198,dScaVS,False,1990-03-03,North,WDHkE@example.com
199,DDKvfb,False,1997-10-31,South,fljDg@example.com
200,qPGRVe,False,1993-11-28,West,BHtDS@example.com
201,RmEBuq,True,1987-08-14,South,FYMGV@example.com
202,rriAfA,True,1997-07-23,North,kamlW@example.com
203,VsLQQm,False,1991-08-08,West,Fhyae@example.com
204,hkFNIj,True,1984-04-25,West,YhPwy@example.com
205,OzNNxW,False,1980-04-10,East,pNmuO@example.com
206,DHGSGh,False,1981-07-07,West,KsRqe@example.com
207,dwpocA,False,1998-11-09,West,FliGo@example.com
208,qxcRdS,False,1992-11-08,South,hwwKn@example.com
209,SFAyCP,False,1991-05-31,North,gUHjT@example.com
210,UxQHqy,False,1989-06-10,East,SOrwG@example.com
211,hdfUrL,True,1993-12-04,West,TVjtW@example.com
212,AimwwB,True,1985-06-14,South,ZkskE@example.com
213,itovrF,True,1980-12-27,East,rVVAa@example.com
214,PHdeJo,False,1986-12-28,North,oHHuZ@example.com
215,LIVTrE,True,1991-07-05,North,KocDb@example.com
216,hsYKuE,False,1988-01-09,North,LyFxj@example.com
217,WqtPQI,False,1999-11-08,East,MHCft@example.com
218,RMJBHw,True,1983-04-07,East,FLKjS@example.com
219,ssjlXz,False,1986-12-03,North,eRgxK@example.com
220,lheRfO,False,1986-07-12,South,qSoSI@example.com
221,RTbrNg,False,1991-08-11,East,MrIUU@example.com
222,tiROQi,True,1995-03-19,South,iZLta@example.com
223,wvJmxo,False,1985-04-28,North,IvIdk@example.com
224,MxBqQy,False,1998-09-24,North,Nhnic@example.com
225,RtXZyo,False,1981-03-23,South,FJvHR@example.com
226,tBYQPh,True,1984-05-19,North,WqDgy@example.com
227,nHTCfR,True,1984-07-06,East,ReWeV@example.com
228,SoNoVh,False,1984-03-31,South,jeqGb@example.com
229,wXlxsb,False,1995-08-01,South,iaHxT@example.com
230,cAmZtb,False,1993-06-14,North,XqJXS@example.com
231,WRHPho,False,1999-02-09,South,MMqto@example.com
232,RKhKxa,False,1987-07-12,East,oDvRo@example.com
233,enRCLB,False,1989-05-22,North,kYnwe@example.com
234,fopcvP,False,1982-05-08,North,ssOBR@example.com
235,xfVFaA,True,1997-09-13,West,JiXEi@example.com
236,mhwFmv,True,1984-12-02,North,DZwHJ@example.com
237,IeYdBA,True,1985-01-01,North,prYCM@example.com
238,ZCuyHZ,True,1990-06-18,East,nAkln@example.com
239,naPrMG,False,1985-05-12,North,VAGyy@example.com
240,OMrcCQ,False,1997-03-26,East,qDIUq@example.com
241,jOyKGQ,True,1996-08-06,North,fsUiy@example.com
242,dOxpck,False,1988-12-23,East,rUjsi@example.com
243,cWAZCn,False,1980-02-25,East,CNwGE@example.com
244,NjsOTr,True,1981-08-27,West,KMymL@example.com
245,gtUMUu,False,1992-06-10,South,FzucW@example.com
246,YzzWBP,False,1986-07-08,East,mWWfw@example.com
247,LeFQCq,False,1994-02-27,West,oEEii@example.com
248,eIpFwJ,False,1997-03-03,East,pFKBX@example.com
249,scTsZo,False,1980-08-31,South,DhIPc@example.com
250,YXdHsP,True,1986-05-16,North,ePhru@example.com
251,JXhFOb,True,1999-11-10,East,xIkip@example.com
252,dOttDF,True,1983-11-28,West,jSwLi@example.com
253,JXtNDB,True,1992-06-08,North,COaif@example.com
254,uHmfMz,False,1984-05-24,South,Culyt@example.com
255,uDnnxZ,True,1998-11-26,North,ymVuq@example.com
256,oVzgSx,True,1982-04-08,West,WuroJ@example.com
257,UxeJRq,False,1995-03-12,West,TFBsI@example.com
258,sdCUSL,True,1994-09-08,North,YbUjm@example.com
259,WHPAgk,False,1984-09-18,East,sAaFu@example.com
260,hPbCtP,True,1985-05-21,South,elzcp@example.com
261,CFeqZL,True,1988-05-08,South,etjhq@example.com
262,BNQdYH,False,1991-10-26,West,JynXj@example.com
263,xJrTOH,True,1989-09-23,North,uAfPs@example.com
264,jYwVcg,False,1982-08-28,North,MIvPi@example.com
265,hiqKrW,False,1982-12-07,South,gAJaH@example.com
266,URnHCg,False,1991-12-11,South,IvcwM@example.com
267,pBAiWi,False,1988-05-23,South,gPVAO@example.com
268,ILFRDQ,True,1989-08-19,South,LRYfj@example.com
269,bcHDHN,False,1981-01-13,East,wNTea@example.com
270,vHzGpX,True,1984-03-29,West,XKnAF@example.com
271,zPJpdd,False,1997-09-16,South,TwycT@example.com
272,wzkFqL,False,1985-07-17,East,xcFtw@example.com
273,MSYgtD,False,1997-11-04,East,JNbnp@example.com
274,qynmfp,False,1982-11-01,East,vxpbf@example.com
275,tFmSir,True,1999-11-13,West,MBujB@example.com
276,EqNzAz,False,1996-04-24,North,ghzUr@example.com
277,qbXAYl,True,1990-07-22,West,xGVUW@example.com
278,sczTIy,True,1981-06-15,South,QDcqb@example.com
279,BSwTLN,False,1988-09-14,South,FLQfA@example.com
280,tuDkCd,False,1991-06-03,North,LrHpu@example.com
281,ANoZJg,False,1991-08-21,South,jMLMe@example.com
282,YuPrWN,True,1987-03-21,West,VYPDZ@example.com
283,kAAchr,False,1991-10-14,North,GCPKc@example.com
284,yxFArF,False,1996-01-19,North,DlWoJ@example.com
285,iZMprR,False,1986-01-07,South,jAcuj@example.com
286,BKpQtJ,True,1994-04-24,East,oakOI@example.com
287,YEPLJb,False,1980-10-26,North,oyPHf@example.com
288,yYOOEL,True,1984-07-20,West,lKlFL@example.com
289,EiGGRh,True,1985-04-04,North,FxvEC@example.com
290,JbXfaq,False,1986-11-11,West,yCrqQ@example.com
291,hJvOVT,False,1988-06-16,East,hSzBi@example.com
292,MdhkqI,True,1998-11-23,South,uuIDe@example.com
293,BqjVrs,False,1992-05-07,East,zZeMB@example.com
294,OLHKFj,False,1996-11-09,South,pNxyi@example.com
295,mDlYpp,True,1989-12-20,North,EGDvN@example.com
296,kKqsWP,True,1985-02-28,East,NoMZt@example.com
297,ogJtYQ,True,1990-06-08,East,BtXgu@example.com
298,XPpoLs,False,1987-07-18,East,kfpSN@example.com
299,xnykCW,False,1990-06-27,North,ZYCsl@example.com
300,KhGEmI,True,1988-03-29,North,UoOGI@example.com
301,BHcvLf,False,1986-02-14,South,JGHAB@example.com
302,OaCWvW,False,1984-01-11,West,lvNoW@example.com
303,TykYqH,True,1985-12-15,East,iTuaR@example.com
304,VeDBLW,False,1988-01-20,West,NIJfE@example.com
305,VjTjVZ,True,1998-11-24,East,vvjbl@example.com
306,uzWYWT,False,1992-04-05,West,FAeDv@example.com
307,aDfZoZ,False,1997-08-16,South,bFiGJ@example.com
308,CzWSyk,False,1985-02-08,North,XbFPu@example.com
309,fixnjM,False,1981-08-07,West,AkVxL@example.com
310,PDNjSU,True,1992-03-31,North,myLkg@example.com
311,RAeIjh,False,1984-05-29,East,dbExJ@example.com
312,qmnmNX,False,1985-08-10,East,xmjxH@example.com
313,pLaHKd,False,1998-04-17,West,PRTVm@example.com
314,gpvAUK,False,1986-02-26,West,LdMJv@example.com
315,qgVpFl,True,1993-07-19,South,ByuOX@example.com
316,ghMFvC,True,1996-11-15,West,TBLFZ@example.com
317,yBIlmN,True,1992-03-07,East,LwRdQ@example.com
318,TexKeD,False,1997-04-09,East,RLcuW@example.com
319,dCADhr,True,1998-06-11,East,GwOfS@example.com
320,BgkEeA,False,1989-01-21,North,NEPLt@example.com
321,QxAxdy,False,1993-01-02,West,Ihmzn@example.com
322,PLuQME,False,1990-08-02,West,rKxKN@example.com
323,crdZWd,True,1997-01-26,East,NrJrx@example.com
324,WbvNNY,True,1988-11-30,North,nobhB@example.com
325,HvZtTV,False,1996-03-22,North,bTDLp@example.com
326,tJICHs,False,1990-08-22,South,LDpLJ@example.com
327,jBBLla,True,1993-03-01,North,iPgFS@example.com
328,bpJCBQ,True,1990-07-06,South,nlSEh@example.com
329,msoWLf,True,1990-05-07,North,asATA@example.com
330,QvNTak,False,1981-12-04,East,yUYHE@example.com
331,fbFKcM,False,1984-03-18,West,ABtWH@example.com
332,umlScA,False,1995-08-27,South,TzztI@example.com
333,pQMqFI,False,1989-11-02,West,dlkhF@example.com
334,qphIlp,True,1992-07-10,North,LgkzD@example.com
335,dXTVGw,True,1983-02-12,South,HaMQO@example.com
336,zYWIOq,False,1982-11-17,West,UMsbG@example.com
337,vhtNyS,False,1980-03-20,West,XAoYS@example.com
338,pKPVDY,False,1994-10-11,North,BePxB@example.com
339,CgmkHV,True,1985-01-21,East,mPjWS@example.com
340,SeLjnJ,False,1995-05-19,West,lLjYn@example.com
341,FTjNLD,True,1997-06-18,West,oMMVV@example.com
342,yTrXaW,False,1986-09-20,West,gpkmN@example.com
343,YgZymF,True,1980-07-09,North,yfTcP@example.com
344,kVCOtB,True,1980-09-20,North,dywyf@example.com
345,snAzfZ,True,1987-05-29,South,EFpaw@example.com
346,yRVtvD,True,1997-12-03,North,VLxHE@example.com
347,lhnWEv,True,1993-08-19,West,HNZnv@example.com
348,hrtRzI,True,1988-10-07,West,oGrzo@example.com
349,JnQYHz,False,1988-10-05,South,HnBrJ@example.com
350,iPiLzV,False,1988-08-31,West,AGfNj@example.com
351,CHdbSX,False,1982-06-08,East,aUAzj@example.com
352,INvRmK,False,1990-02-15,North,NIeSr@example.com
353,aAtGIG,False,1986-10-31,East,JQkfm@example.com
354,zzaCaB,True,1982-05-04,East,ppNyJ@example.com
355,oYaQJP,True,1983-12-26,West,WkIqj@example.com
356,VffhjB,True,1995-06-15,South,uiiIq@example.com
357,QnutvD,False,1980-08-07,West,AyEvL@example.com
358,ZlJSHS,True,1981-07-23,North,lnWRt@example.com
359,NetCca,True,1984-08-13,East,pLRqq@example.com
360,izwODS,False,1994-10-17,West,DNaWc@example.com
361,eBckTU,False,1990-03-13,North,vHhxo@example.com
362,ycdWUD,True,1991-08-18,South,QkInR@example.com
363,bWqXEN,True,1987-04-30,West,bwtDM@example.com
364,LueimR,False,1983-07-10,South,PGwod@example.com
365,uUrNhZ,True,1992-01-12,South,iLWEX@example.com
366,LAYcwR,True,1996-08-31,East,XOuXK@example.com
367,rNXuOb,True,1999-06-01,North,mZEdc@example.com
368,oZzsWw,False,1999-07-10,West,rBwoy@example.com
369,JIeGPL,False,1989-09-10,North,TdYMQ@example.com
370,eiLGMq,True,1990-08-25,East,TEDDw@example.com
371,faqsog,False,1992-11-24,West,rCICQ@example.com
372,jxCvbs,False,1984-07-20,West,JhOTK@example.com
373,eFqupu,True,1995-05-12,South,MXsOM@example.com
374,eUVYDi,False,1984-07-10,North,lqlsk@example.com
375,thpzdw,True,1989-12-30,South,YnFWh@example.com
376,vzdnmG,True,1988-12-14,North,HwPPR@example.com
377,EkfpXr,True,1985-07-15,West,dZtDZ@example.com
378,GPrrQS,True,1992-10-07,East,XTrCo@example.com
379,YhqXkq,False,1990-05-18,East,rddeD@example.com
380,YYpKzD,False,1996-07-14,South,fiASD@example.com
381,mtQufD,True,1994-06-30,North,yHjdJ@example.com
382,ECJCXy,True,1995-09-15,South,QyUZh@example.com
383,KwpKQP,True,1986-09-02,North,rjDxO@example.com
384,vzGmIL,False,1998-06-20,East,MXUup@example.com
385,PdZyuA,False,1985-08-02,West,Guaqh@example.com
386,VJCPsU,False,1993-11-08,North,SENBH@example.com
387,BHeNIs,True,1990-04-08,East,kQWUL@example.com
388,HcZJuN,False,1994-10-13,West,Djhqf@example.com
389,YwanAA,True,1992-10-02,West,BXcgs@example.com
390,EDxuOE,True,1995-09-02,South,dTWIk@example.com
391,ArbfvY,True,1999-11-11,East,iZmVO@example.com
392,gWhqxk,True,1999-10-17,South,bTXgX@example.com
393,zywKqp,True,1986-07-19,North,bTSkc@example.com
394,QfSHJi,False,1981-06-30,North,wkOEg@example.com
395,ZmjiDX,False,1996-03-14,West,YAEAi@example.com
396,mvjHwb,False,1991-01-25,East,kWMsZ@example.com
397,FkEuKk,False,1992-05-25,East,vkeAy@example.com
398,NQdfTj,True,1981-09-18,South,AXatv@example.com
399,qxnSBH,False,1997-03-11,South,Yfsqd@example.com
400,FFEsRG,False,1990-02-11,East,XHlKH@example.com
401,QKpFeg,True,1984-08-25,West,QTaYL@example.com
402,gpjKAv,False,1990-05-14,West,UcSja@example.com
403,htjHKH,False,1994-04-30,West,AhycF@example.com
404,ZCzhqx,False,1996-10-24,South,kMpGQ@example.com
405,csahQY,True,1987-09-16,West,vjAhQ@example.com
406,AzJvRz,False,1999-03-12,East,IsWOb@example.com
407,ebNpoB,True,1980-11-05,West,kutRG@example.com
408,ixMNCf,False,1982-07-28,North,bbbyM@example.com
409,fOQtQc,False,1983-01-23,South,hvCNL@example.com
410,LCZfRN,False,1996-10-16,North,ifslv@example.com
411,pZxsQw,False,1990-05-07,South,dYyvU@example.com
412,ZOmQEs,True,1992-04-19,East,wSQay@example.com
413,KGihkk,True,1996-01-02,East,UnqCX@example.com
414,dsoCqK,True,1990-07-23,North,IfzRD@example.com
415,pnSZJe,True,1983-08-14,South,gAPhI@example.com
416,YOVZTg,False,1980-05-27,West,MLoFm@example.com
417,TmKRNJ,False,1983-12-22,South,nLpKy@example.com
418,zEnvxG,False,1991-12-28,West,EAZnU@example.com
419,TeAoWt,False,1983-10-11,East,rthMS@example.com
420,XraOMM,True,1997-02-15,North,MPGPY@example.com
421,xIsdBl,True,1986-02-16,West,aHRmu@example.com
422,wlnRrE,False,1988-01-12,East,azSjT@example.com
423,DzrJcf,False,1996-01-09,North,YvZxn@example.com
424,OxgSwa,True,1995-02-20,West,wMIAr@example.com
425,XkJgHi,False,1989-11-30,South,ZjrTO@example.com
426,WoIntU,False,1998-10-05,West,xfSNn@example.com
427,iupKmI,False,1991-09-23,North,OwbCe@example.com
428,KayglJ,True,1996-01-25,North,YRgLg@example.com
429,aKQZvg,True,1982-04-22,South,sxCWY@example.com
430,dtLfqT,False,1986-11-30,South,YjQUA@example.com
431,hONgZh,True,1993-06-01,West,hJOkM@example.com
432,BaHwLG,True,1997-04-28,South,BODBc@example.com
433,hvJSef,False,1984-07-10,West,BCKZi@example.com
434,NEtYqh,False,1985-05-08,South,iJHSl@example.com
435,oeCFFO,False,1980-05-11,East,WLCXw@example.com
436,JSIpAA,True,1980-04-29,South,kcYuu@example.com
437,MpcUXz,False,1984-04-23,South,BvyqL@example.com
438,fzEBYZ,True,1981-06-01,North,pdKIk@example.com
439,WgSDtJ,False,1982-03-02,East,MEdNh@example.com
440,NXOadn,False,1996-03-28,East,ziYYY@example.com
441,cdPAGA,False,1989-04-28,North,uivEm@example.com
442,vKeBGo,False,1998-04-17,East,slXhu@example.com
443,qAkQBu,False,1992-08-09,East,LEIkh@example.com
444,GRJdKL,True,1994-01-04,North,orHBB@example.com
445,SdewxF,True,1992-02-24,West,OFmwQ@example.com
446,qMMgKK,False,1982-09-16,West,CFhTN@example.com
447,iXBOLi,True,1982-05-17,West,LTXcR@example.com
448,gOnUOb,False,1983-11-23,West,nGwiK@example.com
449,PodLDe,False,1994-09-01,East,TzpBe@example.com
450,xszDtn,False,1988-09-23,East,MXSmS@example.com
451,fDLlAc,False,1984-12-08,West,zKwcf@example.com
452,SmythW,True,1998-04-13,East,ORMVH@example.com
453,SCVMvq,True,1993-12-29,North,rInsa@example.com
454,vLoetA,True,1981-07-05,South,LzElw@example.com
455,UjPZXd,False,1986-10-06,West,nZQzF@example.com
456,yoRrCa,True,1982-04-14,West,DFTIc@example.com
457,kDpGyE,True,1997-09-30,East,fRHfe@example.com
458,zOkUNm,False,1985-08-25,South,YmEKF@example.com
459,avmsRT,True,1987-04-11,South,QLcHw@example.com
460,XaISLf,False,1988-09-18,West,xSbuP@example.com
461,BmzdZL,False,1997-04-20,West,MwVlj@example.com
462,eVUBKt,True,1987-06-13,East,Grpvb@example.com
463,YeegQd,True,1997-01-30,West,xUsJs@example.com
464,DwYmnq,True,1999-02-05,East,YoOqK@example.com
465,PKMqod,True,1981-07-07,North,HNiDS@example.com
466,kOEiiy,True,1993-08-25,North,HMNOi@example.com
467,vBYkqn,False,1988-07-29,North,zesBP@example.com
468,giJQKc,False,1996-08-20,North,YqpVe@example.com
469,RremsA,False,1993-03-05,North,vGHNk@example.com
470,JnZbvx,False,1985-03-20,West,Szrws@example.com
471,MmyPha,True,1997-01-08,North,iiajq@example.com
472,RZgQtG,False,1985-04-20,West,AHpDj@example.com
473,HEnQbd,True,1996-12-25,North,GdeLV@example.com
474,UxgVRr,False,1981-10-12,West,IShrs@example.com
475,cxiDQu,False,1988-05-26,North,guRMT@example.com
476,bJiljo,True,1984-07-12,East,PFYql@example.com
477,TbGmpv,True,1984-08-01,West,QmiZb@example.com
478,CdohkU,False,1985-05-04,South,lKlTw@example.com
479,BGPPZO,False,1989-12-14,South,QhpYS@example.com
480,sCzVAu,True,1987-05-16,West,zwCZj@example.com
481,jqlUOd,False,1987-02-14,West,jAuDU@example.com
482,ZBNZYf,False,1997-01-20,North,unPsP@example.com
483,InQVcZ,True,1997-10-04,South,wsWmC@example.com
484,lSPsRR,True,1998-03-24,West,eKqRK@example.com
485,jEPKVb,True,1980-07-13,North,PEfVZ@example.com
486,KXDDjZ,True,1996-06-08,East,KBfQl@example.com
487,Tzqzem,True,1985-06-07,West,sKYQl@example.com
488,lBaVkg,False,1981-03-18,West,nRxwE@example.com
489,LVRqbE,True,1997-12-22,West,dZbxH@example.com
490,VOSSXt,False,1996-02-20,North,UyKds@example.com
491,Wufphi,True,1999-07-29,East,XonUb@example.com
492,XPXHjY,True,1987-03-19,South,FwNgu@example.com
493,KWOlEj,False,1994-02-15,East,IqKpm@example.com
494,pJgLXX,False,1999-07-05,East,PAvNY@example.com
495,uZYbFV,False,1984-04-25,East,ESYcN@example.com
496,YlDWhM,True,1983-03-05,East,EOddv@example.com
497,mZiUeK,True,1982-01-21,West,ikYOZ@example.com
498,HUxnmd,False,1992-04-23,South,RbWLr@example.com
499,nfauMY,True,1991-05-19,North,euKJP@example.com
500,TztCfy,True,1996-04-05,West,tySjq@example.com
501,SHJidR,True,1983-09-06,North,jwnen@example.com
502,pqXdit,False,1985-06-29,North,ksHex@example.com
503,MCUeEF,False,1993-08-03,North,enTdC@example.com
504,zbXiUi,False,1986-05-26,South,JeaZa@example.com
505,fkjKLL,True,1994-04-03,East,qpPDt@example.com
506,nomcDR,True,1999-05-05,East,diHzB@example.com
507,hswpIF,True,1988-01-24,East,YfJit@example.com
508,kbipeR,True,1983-10-06,South,jwROA@example.com
509,quzIeC,False,1989-06-24,West,QxGWU@example.com
510,jUtxny,False,1996-06-25,South,PgWWf@example.com
511,lndNIe,False,1983-06-30,West,JEifk@example.com
512,rCYECR,False,1997-02-01,South,iFrxI@example.com
513,QvBTyT,True,1999-02-26,West,ROXId@example.com
514,yeULAU,False,1986-09-25,North,mhXzP@example.com
515,PJGgNi,True,1983-06-05,West,cdZyR@example.com
516,ZYQgwZ,True,1983-12-10,South,INESe@example.com
517,wZGRnV,False,1990-05-26,West,IVDKB@example.com
518,Vduuqo,True,1986-05-09,South,NHohN@example.com
519,xTOGBv,False,1993-08-04,West,pGvtz@example.com
520,vhENWW,True,1987-06-22,East,zqzuz@example.com
521,DfoBrv,False,1990-07-11,South,OoJcR@example.com
522,tzFboh,True,1984-04-02,West,jeUMD@example.com
523,FKcUrm,True,1999-04-29,South,jqcbY@example.com
524,MVUbQp,False,1996-04-08,North,usBQJ@example.com
525,ozKfTg,False,1989-01-27,South,wASAJ@example.com
526,YxQovH,True,1996-08-24,North,clxjl@example.com
527,jkQMNT,False,1990-12-24,West,qLzDF@example.com
528,QAiqAh,True,1993-03-12,East,ctUgp@example.com
529,STbkRR,False,1999-11-06,South,VIVrj@example.com
530,mxVKoQ,False,1982-10-16,East,ulVui@example.com
531,AHgbtE,True,1992-09-07,South,FGnVJ@example.com
532,jTEsiU,True,1997-02-10,North,KUqWH@example.com
533,MJouiD,False,1997-04-19,North,VvaQt@example.com
534,YSHJnv,True,1991-06-06,North,RjOna@example.com
535,bONaVH,False,1994-03-29,West,KcNgJ@example.com
536,FanPpY,False,1995-08-15,North,dfiPd@example.com
537,Hwtsny,True,1988-08-22,South,BiMXL@example.com
538,JQufAI,False,1985-07-14,North,KooSn@example.com
539,RtHFpf,False,1980-10-09,North,NuUke@example.com
540,dZHSnK,False,1995-11-06,West,SkAby@example.com
541,UphNUP,True,1995-08-23,North,fbueK@example.com
542,PFIJLI,True,1983-04-26,South,dwtMw@example.com
543,ZnvubK,True,1990-03-20,West,NIAYN@example.com
544,DjLlBO,True,1985-09-14,East,LcahS@example.com
545,VIARRT,False,1992-12-20,South,njyUc@example.com
546,jfgnQN,True,1983-08-15,South,tXAlG@example.com
547,jJresM,False,1997-04-16,South,rLbwR@example.com
548,pOrnpS,False,1995-12-17,East,FoiCq@example.com
549,yTEXdU,True,1995-11-02,South,fdAaL@example.com
550,ATtpcS,True,1981-10-20,South,LqbUJ@example.com
551,hkvDVx,False,1984-03-26,West,aaduD@example.com
552,qLOzGj,False,1998-08-11,East,SNbCb@example.com
553,GaoNiN,False,1995-07-08,North,QyDuJ@example.com
554,zNeFGu,False,1991-12-16,East,uVmzn@example.com
555,Ytbkta,False,1988-08-01,North,YHyUx@example.com
556,qRjJGm,True,1996-06-17,South,TloMY@example.com
557,KrgtEi,True,1999-08-28,North,uniMw@example.com
558,QppLFr,True,1981-12-29,North,pcvTS@example.com
559,UZrUsj,False,1992-11-03,North,ZgGkv@example.com
560,XVulLg,True,1983-03-15,West,TxxXy@example.com
561,MEitHb,False,1984-09-12,North,rIgBm@example.com
562,TnBcZI,False,1995-09-05,North,LDXLO@example.com
563,HbJvtC,False,1983-10-11,South,sySPt@example.com
564,yhKGpI,True,1982-03-04,East,puyCx@example.com
565,IoFhRf,True,1995-08-14,East,VXTvk@example.com
566,Lgffkk,False,1989-05-07,South,rUIWw@example.com
567,nBkKpc,False,1996-06-10,North,XbkDi@example.com
568,zkWraI,True,1983-12-16,North,ZJOHD@example.com
569,VRIheA,False,1995-10-16,West,PhqmM@example.com
570,LfnmZp,True,1990-11-29,East,NzFNB@example.com
571,yfjcpP,False,1982-06-22,South,Gbfdb@example.com
572,qMeNcS,True,1998-04-07,West,VTreW@example.com
573,IiswGT,True,1984-07-04,North,sMXpd@example.com
574,eQjuYo,False,1984-02-05,West,GqVxr@example.com
575,uSPHPf,False,1999-07-20,North,jpPiT@example.com
576,KdXivE,False,1994-01-22,West,igVvD@example.com
577,PJjtsb,False,1999-06-23,North,GKoSm@example.com
578,JRYgVf,False,1981-10-15,West,fXVfc@example.com
579,vcnqKJ,False,1988-06-21,North,TyyNE@example.com
580,NDDYIr,False,1981-06-10,South,ZswDx@example.com
581,BKeImr,False,1993-02-18,West,bzIrr@example.com
582,JuRDZc,False,1990-11-18,West,etjGJ@example.com
583,HiSSTd,True,1982-04-05,East,VfWXk@example.com
584,zmYclH,False,1985-12-19,West,GpPOs@example.com
585,umxPxS,False,1993-01-23,South,ZzGEZ@example.com
586,xgzHfv,True,1984-09-25,South,snAZV@example.com
587,CaeFGp,False,1980-02-29,East,bqiHK@example.com
588,AkIXsc,True,1991-08-31,North,nZroZ@example.com
589,lxDGyI,True,1990-11-24,South,IIrbT@example.com
590,LfNlrR,True,1987-07-23,North,WaDpk@example.com
591,YpBKci,True,1987-07-20,North,yuKot@example.com
592,hLLfFj,True,1999-12-19,East,tAZwK@example.com
593,WuxOLf,True,1998-04-27,East,gsnko@example.com
594,vWREOx,True,1994-12-01,West,exIPV@example.com
595,IXhzBc,False,1993-09-12,North,SUbgN@example.com
596,WRzAVj,False,1999-08-01,South,mjdDm@example.com
597,ELguFT,True,1982-03-31,East,edLMr@example.com
598,AuYVNo,False,1999-07-11,North,VdEYY@example.com
599,YYxgvK,False,1996-04-07,South,GrIFc@example.com
600,MpKSLW,True,1993-07-01,North,hVWjL@example.com
601,GkGprI,False,1991-11-25,North,ewJkL@example.com
602,ZHXAKq,True,1996-11-07,South,uGkQK@example.com
603,gsyDIv,False,1990-02-19,South,zKyME@example.com
604,MRoSQB,False,1994-10-11,East,SxAeY@example.com
605,bhIkNi,False,1989-04-07,North,nTDjg@example.com
606,onRJpN,False,1980-01-26,South,NjSNl@example.com
607,bQfTMS,False,1987-03-24,North,uRpvH@example.com
608,MDmOPo,True,1988-01-29,East,lnrma@example.com
609,IWuXYq,True,1996-07-02,South,UJoid@example.com
610,CanGOT,True,1989-12-18,South,zUdNw@example.com
611,RVKHNC,False,1990-11-13,North,JUxYJ@example.com
612,FOYpjJ,True,1993-09-27,South,qOVKF@example.com
613,jjAtwC,True,1989-08-06,East,XDLqs@example.com
614,gEnrKi,False,1999-03-23,East,QtpzC@example.com
615,hqcWGI,True,1982-04-02,West,MliJv@example.com
616,zDsOql,True,1986-08-04,South,TqPXu@example.com
617,jdAvBe,False,1995-12-20,North,TyhMu@example.com
618,llrslN,True,1991-08-31,East,XTOtT@example.com
619,BZQZaI,True,1999-03-20,East,htwQV@example.com
620,xVFGXJ,True,1980-09-17,West,hXlay@example.com
621,qVXuCo,False,1997-11-14,West,okziR@example.com
622,VQtPxc,True,1998-09-01,West,SojFz@example.com
623,UkAXiX,True,1999-08-15,West,wSzIs@example.com
624,BadIOS,False,1990-01-03,South,fXKFh@example.com
625,wfBKYO,True,1994-11-11,East,AzlzX@example.com
626,HWMhxr,False,1985-06-16,South,GrqGF@example.com
627,ecPDDl,True,1996-11-22,South,FBrtJ@example.com
628,nuGwaJ,False,1982-01-02,East,gDyat@example.com
629,BHGNEK,True,1996-01-20,West,mXJVU@example.com
630,dWfOpe,False,1987-04-28,North,GUyor@example.com
631,NwuIyB,False,1986-04-15,East,PKUYO@example.com
632,huPCXh,True,1985-10-11,South,DVKFQ@example.com
633,JVPLtX,False,1995-01-15,South,mDUqT@example.com
634,CCgaFB,True,1983-01-17,West,thqBy@example.com
635,XpMUrv,True,1996-04-08,West,UXLdu@example.com
636,HAilRk,True,1997-11-04,West,kOLsO@example.com
637,jPSSWZ,False,1999-07-22,West,ylasG@example.com
638,xCpdfL,False,1992-12-01,East,DOXzq@example.com
639,zrgIfG,False,1994-06-11,East,TkQjW@example.com
640,UqxGpE,False,1996-02-03,North,FpdUB@example.com
641,Dsqwam,True,1996-04-05,West,AmtKS@example.com
642,lMwRgM,False,1994-05-27,West,pkpbH@example.com
643,TyspCj,True,1989-10-19,South,vtOZx@example.com
644,FRShCn,False,1985-10-23,East,tixqW@example.com
645,UddaAb,False,1981-12-19,East,xkFoE@example.com
646,EvEVCC,True,1987-08-19,North,qacqy@example.com
647,ZyOtlO,True,1984-03-21,West,hRtbw@example.com
648,MpyAuA,True,1992-11-05,South,qjFNH@example.com
649,ISPFiA,False,1999-02-20,North,qNcAL@example.com
650,xjXIYM,False,1992-12-09,East,LzWhf@example.com
651,zslzdt,True,1986-12-21,West,iLess@example.com
652,ckVsyx,True,1992-01-05,East,erdud@example.com
653,cYqKBR,False,1988-09-14,East,vPKCe@example.com
654,RnCjHs,True,1997-04-19,West,kiNTl@example.com
655,HRAtVA,False,1995-03-27,North,cJbHK@example.com
656,sTzzFA,False,1994-11-20,North,ycNXX@example.com
657,hieHkj,True,1984-12-24,South,hquGu@example.com
658,sLglQL,True,1980-03-16,East,ApbLv@example.com
659,zykiRb,False,1990-05-01,West,dkblz@example.com
660,cDiGcD,True,1998-04-21,South,seTAR@example.com
661,cnjXFD,True,1984-11-28,East,uhaGG@example.com
662,aLIoex,True,1990-03-22,South,ntuRN@example.com
663,ZTiRFP,True,1986-05-10,North,nkUuH@example.com
664,QjInLr,False,1994-12-03,South,xxYIO@example.com
665,xElufk,False,1993-06-07,East,kfufW@example.com
666,SAvhfy,False,1991-04-08,East,kNMpJ@example.com
667,FcOAgz,True,1986-02-18,South,lEpyH@example.com
668,gFRUOH,True,1990-09-23,East,lURlb@example.com
669,BtcBlP,False,1984-11-02,North,aRSkX@example.com
670,PtEMNK,False,1995-10-17,North,urZFi@example.com
671,fgymSo,False,1998-03-04,East,zDoZS@example.com
672,TvjKPE,False,1998-07-27,North,mGTSG@example.com
673,gaIJqs,True,1999-01-08,East,SXWpt@example.com
674,iHnSwt,False,1998-03-05,South,Diclj@example.com
675,oJNvOz,True,1996-07-02,West,wTdvb@example.com
676,tCnprK,False,1999-05-30,East,OUpnW@example.com
677,MSIMxK,True,1990-12-07,South,UPkVM@example.com
678,ilurCK,False,1986-09-16,North,JbWya@example.com
679,KiYaeh,False,1999-01-12,West,emTEC@example.com
680,Wwdleb,False,1992-04-15,East,oKyMh@example.com
681,tZFBLF,False,1989-06-22,South,dJbzR@example.com
682,XQHwkI,False,1987-10-24,South,vYDcd@example.com
683,PobFAm,False,1981-08-11,North,OooyP@example.com
684,ibmaiZ,True,1986-05-07,East,boTmx@example.com
685,OsuEAM,False,1984-05-17,North,aHTRw@example.com
686,deoRVs,False,1992-04-16,West,XzmSc@example.com
687,YoFkWD,True,1982-12-08,West,sFxyi@example.com
688,nvfdpX,False,1997-09-30,East,ItChM@example.com
689,PXTQDK,False,1998-01-21,East,sjuys@example.com
690,YDONXx,True,1995-11-30,South,pQNzC@example.com
691,xEbgdG,True,1994-09-06,South,swFUr@example.com
692,ZJlqXA,False,1983-01-31,North,syNSi@example.com
693,aRmeJQ,False,1990-10-27,West,cASGF@example.com
694,dWysUn,True,1983-04-01,West,CRiPh@example.com
695,XJVzkM,True,1998-01-15,North,QkKev@example.com
696,TkkmGi,False,1996-06-28,East,fAcfa@example.com
697,fVJIFN,True,1988-02-15,West,WIilK@example.com
698,CczGzZ,False,1992-11-28,North,rgMPC@example.com
699,UTzZVo,False,1997-08-13,North,uIuEM@example.com
700,lDcPyC,False,1989-07-30,West,JZlHi@example.com
701,AuJjYK,True,1983-10-10,South,KNLUY@example.com
702,xJakEq,False,1987-12-22,East,PzVKp@example.com
703,FnCmyF,False,1981-03-05,West,NpkHX@example.com
704,tzkKtS,True,1994-07-31,South,japkR@example.com
705,ojgDlf,True,1989-09-23,North,JdxgX@example.com
706,omwthX,False,1996-03-16,East,IaFrt@example.com
707,hPjzZS,True,1980-10-05,North,pGVHE@example.com
708,ALOpDD,False,1988-11-23,North,JYzsn@example.com
709,uJdQyG,False,1995-06-06,West,yPNOv@example.com
710,xrsDWn,True,1994-08-22,East,ETXJZ@example.com
711,bgTYkD,True,1997-05-26,South,tYNen@example.com
712,HjOsJz,True,1995-01-16,West,emRGe@example.com
713,MUtoGh,True,1997-06-11,North,trFyq@example.com
714,iQrGDS,False,1998-05-08,North,CKxFe@example.com
715,dilqpn,False,1986-03-04,East,JEJbA@example.com
716,HoxSsE,True,1989-12-25,North,djoDP@example.com
717,YvjbLI,False,1982-09-10,North,BLngA@example.com
718,WKeifd,False,1982-09-26,West,jxScF@example.com
719,TCbuNe,False,1994-12-31,North,wJYdz@example.com
720,niIUqm,False,1980-07-07,West,muMIj@example.com
721,oGgRbI,True,1992-11-03,East,tplTE@example.com
722,SqyYCo,True,1995-07-24,East,zLQXg@example.com
723,xYKjFG,True,1997-10-25,East,igYFb@example.com
724,HDBHqs,False,1988-08-11,East,zPwKU@example.com
725,CPwtnp,True,1995-10-05,West,tCvbw@example.com
726,aQSrya,True,1992-10-25,North,KdeTI@example.com
727,VXyawp,False,1987-04-18,East,yAmWh@example.com
728,matvDu,True,1999-05-04,West,bejkI@example.com
729,iMutnv,True,1989-02-02,North,CCyYI@example.com
730,mNVPJo,False,1988-10-30,West,Egckp@example.com
731,MQvSjp,False,1992-01-12,East,MutAa@example.com
732,HGoGjb,False,1981-06-07,West,BnBpQ@example.com
733,cBjfnL,False,1993-02-11,West,qmylI@example.com
734,Lmhzrq,False,1998-05-13,North,yliCG@example.com
735,PZyPrR,False,1996-11-24,East,SdISh@example.com
736,XcOdyj,False,1982-08-19,North,NyZdi@example.com
737,RQRgNm,True,1993-06-08,North,GvGWR@example.com
738,OxMbxO,True,1980-02-13,South,vNcqu@example.com
739,BZyJqq,True,1997-12-14,North,kLtxR@example.com
740,GcWBnH,True,1980-11-16,North,lVyXA@example.com
741,kUSlfG,False,1984-08-16,South,vTHmB@example.com
742,qiogPa,True,1981-12-20,North,zdFvD@example.com
743,cOyFte,False,1999-02-05,East,KOOco@example.com
744,ieGWZG,True,1982-10-18,West,oHZrR@example.com
745,dHKPgm,True,1988-02-26,South,FVSyz@example.com
746,ZPNPwk,False,1989-06-27,South,NREDJ@example.com
747,JshUzw,True,1985-07-27,North,FOhrJ@example.com
748,pKjjsM,True,1991-08-26,South,YBGdG@example.com
749,oRVCdi,True,1991-12-24,East,WTElW@example.com
750,pntaHt,False,1992-12-10,North,qmjYj@example.com
751,jaSOmL,False,1987-01-07,North,rJoFI@example.com
752,ICuBzC,False,1987-11-24,East,jFOPJ@example.com
753,FqHfBd,False,1991-06-14,North,jJLCk@example.com
754,RgTkzf,False,1982-03-22,North,yBgLp@example.com
755,DRIBKn,False,1981-01-01,North,mFGrU@example.com
756,tFdWkz,False,1984-03-20,East,QtuLW@example.com
757,UePdDW,False,1999-03-15,North,xrndg@example.com
758,vtKQnc,True,1993-07-03,East,tCudQ@example.com
759,dpXXfL,True,1993-04-09,East,nzWCQ@example.com
760,BjBmGj,True,1982-11-18,West,AvnZG@example.com
761,MvfHsx,True,1989-06-19,East,zfwqh@example.com
762,ITijur,True,1985-09-19,South,gNZcd@example.com
763,iZxsqZ,True,1994-07-28,South,fBgeM@example.com
764,qtNwLF,True,1990-03-25,West,wcIdf@example.com
765,DlNWnY,True,1995-03-05,North,YLoml@example.com
766,xuLZEA,True,1983-03-19,South,FNWsm@example.com
767,ZpplSb,True,1981-08-01,East,bENiY@example.com
768,QJoCCW,False,1986-01-15,South,tCaiD@example.com
769,ibshtE,True,1994-06-24,West,FYQgm@example.com
770,mQeuVM,True,1988-05-06,West,vmFUV@example.com
771,LPiQJD,False,1994-07-12,North,oaIwS@example.com
772,VEpMDe,True,1983-09-05,South,SxmSv@example.com
773,cOsQvT,True,1983-06-11,West,xhUSN@example.com
774,TlHFaO,False,1989-09-22,West,bNkJw@example.com
775,tpcChA,False,1993-07-15,East,TrbAu@example.com
776,lcMuxE,True,1986-01-21,East,wkheR@example.com
777,Alpuge,False,1982-06-20,West,Jivls@example.com
778,DcueAO,False,1989-02-14,South,oLUtT@example.com
779,ghDzHk,True,1994-05-11,North,XJDHd@example.com
780,GMmdOq,True,1987-06-25,East,LbDsb@example.com
781,WeIwsq,True,1999-06-27,East,wxwws@example.com
782,EbpZGZ,True,1980-03-21,North,nVnil@example.com
783,whcQkt,False,1984-12-25,East,EABkb@example.com
784,NSfcXW,False,1997-07-22,South,tclKi@example.com
785,TQaKfx,False,1991-10-22,South,GCnBn@example.com
786,bkBkBn,True,1986-11-16,North,hhwTj@example.com
787,zLhKaE,False,1998-02-04,North,vidTG@example.com
788,IcioPG,True,1991-11-12,West,DOTTM@example.com
789,cIauoS,True,1992-10-31,North,oywia@example.com
790,ISaTHm,False,1986-01-29,South,XFeOn@example.com
791,tYfqTB,False,1981-01-27,North,OBOCt@example.com
792,jAxWbm,True,1996-11-11,South,jBjOq@example.com
793,Bruiss,False,1987-09-28,West,ioQAU@example.com
794,GmYAQG,True,1997-09-09,West,uiySm@example.com
795,TUQbCo,True,1993-05-03,South,FtOyx@example.com
796,hUIetX,False,1993-04-14,West,KLiFc@example.com
797,FGlmhY,False,1980-03-18,North,ZhoBz@example.com
798,VrCkhC,False,1995-12-30,East,NCLUy@example.com
799,PSqKBh,False,1982-11-01,South,HBOER@example.com
800,ZYhWVq,True,1992-09-23,East,vnWiS@example.com
801,CXgqTL,False,1981-03-09,East,gbdZR@example.com
802,NTvvxW,False,1988-04-20,West,gVtpb@example.com
803,UWoOfj,False,1985-08-02,South,zNlON@example.com
804,NFnDmm,False,1989-05-19,North,xENhP@example.com
805,JsJyAF,True,1984-02-08,South,uhUUn@example.com
806,LtSzhk,True,1997-11-28,South,uLtkg@example.com
807,bNaovM,True,1986-06-07,East,XmhHf@example.com
808,ZNdWZT,False,1991-09-04,West,tsVUT@example.com
809,zqxmvc,False,1998-04-04,West,epQCc@example.com
810,MtqFME,True,1994-04-04,South,ZSdrq@example.com
811,BTOBxR,False,1989-02-12,West,AafMD@example.com
812,cZAuMD,False,1982-01-08,South,dAGtx@example.com
813,AGcpup,False,1981-09-20,North,rFsqt@example.com
814,RxvFcA,True,1982-02-06,East,PETNw@example.com
815,hRxLfO,False,1981-04-15,West,AICMA@example.com
816,WKhvxj,False,1986-05-30,South,ZhQrL@example.com
817,ELkxnJ,False,1991-01-20,East,MHhNk@example.com
818,VPLgfx,False,1995-03-09,North,Golca@example.com
819,sBtPAX,True,1996-05-22,South,gvkPT@example.com
820,ttNVDI,True,1991-03-02,West,wDZkZ@example.com
821,hTjLvq,False,1995-03-07,North,ibLOl@example.com
822,NxGggk,True,1982-10-18,North,ViIfI@example.com
823,GnxSCa,False,1993-10-27,South,QrLty@example.com
824,TmEyve,False,1998-08-24,North,XECUM@example.com
825,FmCGCQ,False,1996-01-07,West,GqiJL@example.com
826,chHbSI,True,1991-12-26,South,BoEUl@example.com
827,RpVcvj,True,1985-06-23,East,bzrAz@example.com
828,IFJEOj,False,1998-06-19,North,LvXpS@example.com
829,xEWept,False,1993-08-30,West,fhlOT@example.com
830,tdwCpg,True,1990-01-23,West,mVWKA@example.com
831,KoBBKF,False,1999-10-12,East,vuDpm@example.com
832,fLGZzJ,False,1985-01-17,East,GXIOW@example.com
833,WZoFqB,False,1988-03-25,North,cvwvY@example.com
834,ZsgDBG,False,1987-12-04,North,rtqzZ@example.com
835,zjFKYa,False,1991-02-11,East,Wulwm@example.com
836,bGgSPZ,True,1988-05-15,West,mPrFE@example.com
837,vrDHak,True,1995-03-25,South,SfeMh@example.com
838,oPqAqa,False,1992-02-03,South,wUWPK@example.com
839,JrLGbj,True,1986-09-16,West,hcybp@example.com
840,rrIVPH,False,1985-12-08,West,RJVKI@example.com
841,zGUBrO,True,1996-07-20,East,eiqfZ@example.com
842,vMRpLq,True,1988-10-29,North,ecaVP@example.com
843,BkJPUs,True,1986-11-02,West,UQznp@example.com
844,YobZGR,True,1998-07-09,East,RdFhy@example.com
845,DuESNK,False,1990-05-21,East,SiOAz@example.com
846,qbvzmx,True,1990-12-13,North,louri@example.com
847,XlpfOO,False,1980-02-18,North,yxXpH@example.com
848,VxbzAj,False,1987-05-15,West,QvWPS@example.com
849,WMBOhT,False,1982-05-27,West,IkxKb@example.com
850,QWJgLx,True,1999-12-19,South,dThZg@example.com
851,LBaWJE,True,1989-01-06,East,Lorqm@example.com
852,eycBIq,True,1982-04-10,South,zvWII@example.com
853,EqUqko,True,1984-06-06,West,LpKUI@example.com
854,qwghoa,False,1991-07-15,South,surcR@example.com
855,GAksqh,False,1982-10-11,East,PuQyY@example.com
856,KomdFr,False,1983-06-28,West,OSxQM@example.com
857,xgyJfc,True,1985-01-26,West,KIXNT@example.com
858,wjEERK,True,1988-05-24,North,jTine@example.com
859,GqQLIB,True,1989-08-09,North,TrchA@example.com
860,YNygQV,True,1998-03-15,South,zokjb@example.com
861,yxJKym,False,1989-11-01,North,asrFr@example.com
862,lSGVuK,False,1989-11-08,South,fOYkh@example.com
863,IPTxby,True,1987-12-07,North,JSMou@example.com
864,sxiNFg,True,1980-02-17,North,BEWkO@example.com
865,fQPqHP,True,1999-07-11,North,McYEp@example.com
866,BuvGCY,True,1982-06-25,East,ZxoaE@example.com
867,trQEOw,False,1980-11-25,South,YdRvy@example.com
868,OCmIeW,False,1989-06-11,North,TDWRl@example.com
869,DzEyCQ,False,1980-09-15,North,nUSQI@example.com
870,jXdfQO,False,1984-06-18,East,Euall@example.com
871,tzIeQU,True,1985-12-17,South,Qmacd@example.com
872,UHahhB,False,1990-12-20,West,PBUWa@example.com
873,uEkJqD,True,1997-12-09,West,TMNON@example.com
874,VpXwZr,True,1982-11-09,West,IzEBC@example.com
875,eaZvgp,True,1997-02-21,North,OSWuL@example.com
876,tCcKQs,False,1996-04-13,South,jIawr@example.com
877,STmKuq,False,1998-07-08,East,myfWM@example.com
878,ttCIyj,True,1982-06-17,West,ipniw@example.com
879,tWRiZI,True,1980-06-22,South,LsNpZ@example.com
880,gdaLzw,True,1987-09-20,South,JHdig@example.com
881,ZeHvxP,True,1997-03-18,South,WXdON@example.com
882,FwjACx,True,1981-03-02,East,ojNrA@example.com
883,sjFESm,True,1987-09-03,East,RBAzF@example.com
884,AvCtYD,True,1996-07-16,East,OsejP@example.com
885,KfzJhM,True,1990-10-08,North,CnaVP@example.com
886,ZZOyeU,False,1990-11-24,North,Pedhi@example.com
887,eyMXeG,True,1989-08-14,South,QByWG@example.com
888,PqcrOy,False,1983-06-03,West,bSPwP@example.com
889,AyMvXP,False,1984-03-10,East,OuiGz@example.com
890,pbVMLD,False,1997-03-13,South,EKYMR@example.com
891,dyicZQ,True,1985-11-28,South,WOCxq@example.com
892,GoeASo,True,1994-12-11,East,tUbjD@example.com
893,goSafj,False,1990-08-18,North,aItrM@example.com
894,EhxQnK,False,1998-03-02,South,aqyge@example.com
895,zPSreh,True,1996-05-19,South,BNEyC@example.com
896,WizZOm,True,1984-01-24,East,CNgQO@example.com
897,wHkMrH,True,1993-04-05,West,HmBwc@example.com
898,NgiupM,False,1983-05-03,South,fWIZK@example.com
899,NBtKyh,False,1982-12-19,North,QZoSZ@example.com
900,TaWxJY,True,1986-02-21,West,YszMv@example.com
901,JcVHXw,True,1983-04-12,West,bojeh@example.com
902,VSrnfI,False,1993-10-29,East,BFffY@example.com
903,uOMMEk,False,1999-05-21,North,NqgDE@example.com
904,rJjCIR,False,1989-02-18,South,ecqNN@example.com
905,affxlo,True,1995-09-14,East,VeLWT@example.com
906,kbeWIR,True,1984-12-21,North,CVIfu@example.com
907,XHKgSg,False,1990-09-30,South,WqTer@example.com
908,IUDYUK,False,1989-07-30,North,MheXa@example.com
909,nyWHVo,False,1986-10-28,East,UcQvf@example.com
910,wUOqid,False,1988-02-26,West,iWUmr@example.com
911,OtrdXn,True,1995-12-17,North,jVKfQ@example.com
912,wzWFjz,True,1987-03-05,West,yLgMQ@example.com
913,hNlHVL,False,1980-11-30,South,JmvJT@example.com
914,fdDnxU,True,1994-10-24,West,DLRzm@example.com
915,hHWInK,True,1984-10-02,North,wFuQp@example.com
916,VDAWzw,False,1986-04-14,North,hYvEo@example.com
917,ROOCaX,False,1989-08-30,North,GUKnF@example.com
918,QzDWsJ,False,1991-01-07,East,afEMJ@example.com
919,uGXeBX,False,1986-10-29,South,DQEYm@example.com
920,exNHjc,False,1995-01-02,South,Kmmcd@example.com
921,tjKUGs,True,1992-05-17,South,uYofa@example.com
922,eGMhkL,False,1988-02-01,North,kfKvr@example.com
923,EzdCqB,True,1988-02-08,North,xhHgt@example.com
924,RxZbcO,True,1993-03-17,East,YtAoI@example.com
925,cgPIxJ,True,1988-05-02,East,ShujI@example.com
926,ThEWbh,True,1986-03-10,West,Xmzoc@example.com
927,HyVcKg,False,1988-08-12,West,aydUd@example.com
928,icpPxi,False,1982-05-21,East,xpvTh@example.com
929,EQfzPl,False,1996-08-27,East,owaOB@example.com
930,PwQZJq,True,1980-12-02,West,EsHxJ@example.com
931,YDhRPN,False,1999-10-30,East,oyuil@example.com
932,ErghvK,True,1984-04-09,East,Vamzl@example.com
933,CwWcfS,False,1989-12-30,West,XAWfL@example.com
934,FOazaj,True,1992-04-04,North,BJoIP@example.com
935,eHUvPO,True,1986-10-05,East,MbDUm@example.com
936,KkHBvW,True,1997-01-25,East,oQNIC@example.com
937,FbjzXG,False,1996-03-01,East,FPBjz@example.com
938,OsamgB,False,1982-11-13,West,BhbNO@example.com
939,esNClO,False,1992-05-06,North,vrzjM@example.com
940,IokPJY,False,1999-12-30,East,LwKok@example.com
941,yjIcHo,False,1988-03-17,North,uRFDe@example.com
942,wrPNcM,False,1996-02-02,South,ykmcr@example.com
943,WjOzgU,True,1989-10-12,West,ymrlX@example.com
944,LEqkJq,False,1989-05-25,South,adDhv@example.com
945,OqfMTt,True,1991-04-20,South,cyBMf@example.com
946,lyzUhW,False,1993-06-09,East,ZCLll@example.com
947,xuhLGY,False,1982-11-22,West,tbaEg@example.com
948,kgJdhS,True,1992-09-12,North,oExkr@example.com
949,xirUFP,False,1995-07-24,South,mgPPB@example.com
950,HFiYSe,False,1998-04-08,West,GNcJC@example.com
951,SzZERo,False,1995-05-11,East,IKaRQ@example.com
952,LMmrEU,True,1991-07-08,South,lvreE@example.com
953,EhDaYc,False,1989-10-26,North,Wowss@example.com
954,yNbByP,True,1992-08-12,South,xKbfG@example.com
955,QxmDaM,True,1993-08-14,West,boiiM@example.com
956,XgpHey,False,1984-02-16,North,Mkkgx@example.com
957,pKSMbx,False,1992-10-28,East,IlggV@example.com
958,OTvPty,True,1995-08-17,West,kGTpJ@example.com
959,GSdUrb,False,1997-09-24,South,idUya@example.com
960,woXCPO,True,1991-04-20,East,tBJUf@example.com
961,eTMcXJ,True,1991-10-11,East,Nlhfl@example.com
962,UftGtj,False,1999-02-13,East,QnBCJ@example.com
963,DdKkZm,False,1995-11-20,West,XWUVZ@example.com
964,fyWEXk,True,1982-09-02,West,UiZBD@example.com
965,MlsnJo,True,1981-01-08,East,XwFPo@example.com
966,drzBgK,True,1986-07-18,East,nlMOb@example.com
967,JBpGPX,False,1983-04-28,South,vtBWT@example.com
968,QWdUxe,True,1982-12-25,North,fKUlK@example.com
969,UoXfoK,False,1997-09-24,East,XfyVE@example.com
970,zTBGpY,False,1985-08-01,North,MhACm@example.com
971,CgsxHp,True,1982-08-09,West,gVAFT@example.com
972,dTmXHv,True,1987-10-17,West,mCrBn@example.com
973,rHqEKR,False,1988-04-11,East,rhjwS@example.com
974,xpgPin,False,1995-10-28,East,kPlHA@example.com
975,zYOcsx,False,1996-03-12,North,GdLCM@example.com
976,iWLoYR,True,1993-09-18,North,qioSb@example.com
977,KIhmcq,True,1981-04-14,West,NOOJS@example.com
978,gnjDbq,True,1980-03-26,South,LeiMH@example.com
979,rtCipV,False,1996-05-20,West,eJzPw@example.com
980,vzhxqa,False,1985-09-28,South,UHcGY@example.com
981,MYrKyp,True,1994-09-28,East,bhstf@example.com
982,XYDhDV,False,1996-03-16,South,VHNne@example.com
983,wJMUhC,False,1988-07-26,East,QFDyz@example.com
984,quRxec,True,1999-07-07,West,VdjNA@example.com
985,HElWob,True,1993-07-21,East,OqyAy@example.com
986,BxIeAk,False,1998-04-27,North,ccIUt@example.com
987,qFXVsh,False,1987-04-10,East,HeLoh@example.com
988,SttosY,False,1993-01-16,North,tgvPA@example.com
989,TeLxZP,True,1999-04-01,West,Ztcqi@example.com
990,pPYwUh,False,1990-01-02,North,DLCcy@example.com
991,EekyTZ,True,1996-04-15,South,vmFFx@example.com
992,dXNevV,True,1983-04-30,East,sZOOX@example.com
993,vCKNhj,False,1991-02-14,North,SBgdP@example.com
994,tCcQRp,True,1984-02-24,North,WSnBU@example.com
995,DybanX,False,1992-10-10,West,VMnMY@example.com
996,RyHUvz,False,1984-01-17,East,HCyTm@example.com
997,JmgoZd,True,1980-06-21,North,kLjHu@example.com
998,MEDTGy,True,1999-11-08,West,mIhuJ@example.com
999,KgADRi,False,1988-11-03,East,LBHIp@example.com
1000,dqThio,False,1984-03-18,North,pbTNg@example.com
