product_id,name,categoryId,categoryName,basePrice,unit,weight,createdDate
1,Novel,30,Clothing,357.42,kg,5.52,2023-05-06 02:17:00
2,Milk,14,Electronics,467.54,piece,4.02,2023-09-17 15:09:00
3,Laptop,5,Electronics,144.18,piece,6.9,2023-05-20 06:07:00
4,Headphones,47,Books,93.46,kg,7.85,2023-07-06 10:45:00
5,Novel,18,Grocery,146.69,liter,1.17,2023-10-14 12:29:00
6,Laptop,27,Books,193.79,piece,2.41,2023-08-30 11:08:00
7,Headphones,24,Grocery,372.55,liter,5.75,2023-12-01 08:49:00
8,Backpack,29,Clothing,245.94,piece,0.44,2023-10-21 18:56:00
9,Shoes,24,Electronics,302.92,liter,6.58,2023-09-17 02:59:00
10,Novel,20,Clothing,357.17,piece,2.77,2023-01-04 07:12:00
11,Laptop,39,Electronics,161.06,kg,8.19,2023-11-25 22:37:00
12,Headphones,46,Books,18.6,kg,2.47,2023-11-23 12:15:00
13,Milk,12,Grocery,321.02,liter,9.57,2023-05-04 04:57:00
14,Milk,6,Clothing,222.22,kg,9.38,2023-07-10 01:59:00
15,Bread,34,Books,302.47,piece,2.25,2023-11-11 23:53:00
16,Backpack,12,Books,75.52,kg,7.11,2023-08-31 04:23:00
17,Shirt,28,Books,17.28,liter,4.31,2023-07-19 14:10:00
18,Backpack,22,Clothing,296.77,piece,6.83,2023-07-23 16:45:00
19,Backpack,24,Electronics,223.41,liter,1.78,2023-03-11 13:01:00
20,Milk,46,Grocery,94.08,liter,5.45,2023-08-18 02:47:00
21,Laptop,48,Clothing,31.79,kg,5.55,2023-07-22 19:08:00
22,Novel,47,Books,48.26,liter,6.31,2023-01-26 21:29:00
23,Shirt,15,Grocery,159.85,kg,5.78,2023-06-07 10:07:00
24,Backpack,39,Books,17.15,liter,2.23,2023-04-03 17:42:00
25,Milk,48,Grocery,107.57,kg,3.25,2023-08-20 17:27:00
26,Shoes,30,Clothing,147.63,liter,2.39,2023-03-15 13:12:00
27,Headphones,37,Electronics,8.13,kg,3.04,2023-12-20 06:27:00
28,Bread,47,Clothing,37.08,piece,2.29,2023-06-12 12:42:00
29,Novel,19,Clothing,216.75,piece,5.43,2023-06-21 12:24:00
30,Backpack,26,Books,353.47,piece,3.83,2023-07-25 07:41:00
31,Backpack,49,Electronics,37.07,piece,1.36,2023-12-07 18:09:00
32,Backpack,6,Clothing,289.61,liter,5.99,2023-04-04 21:36:00
33,Novel,38,Electronics,91.58,piece,3.82,2023-11-18 03:25:00
34,Backpack,45,Clothing,311.73,kg,8.16,2023-06-17 16:30:00
35,Milk,12,Clothing,224.23,piece,4.01,2023-08-05 03:07:00
36,Shirt,6,Grocery,21.23,kg,2.74,2023-11-01 06:23:00
37,Headphones,14,Electronics,42.74,kg,0.98,2023-10-26 19:31:00
38,Milk,5,Electronics,458.08,liter,3.47,2023-03-28 09:32:00
39,Bread,30,Clothing,93.52,piece,6.9,2023-03-20 03:39:00
40,Novel,41,Grocery,40.25,liter,9.12,2023-05-15 22:13:00
41,Novel,22,Grocery,61.35,kg,9.55,2023-08-12 21:54:00
42,Shoes,13,Grocery,291.68,kg,7.78,2023-09-20 03:21:00
43,Laptop,41,Books,238.75,liter,3.16,2023-05-02 07:35:00
44,Headphones,3,Grocery,374.98,liter,4.92,2023-03-02 06:00:00
45,Bread,8,Electronics,218.71,kg,2.73,2023-01-05 18:21:00
46,Headphones,28,Books,497.61,piece,5.02,2023-07-24 22:59:00
47,Bread,7,Electronics,270.41,piece,2.95,2023-11-29 17:33:00
48,Headphones,10,Books,262.15,piece,2.66,2023-08-02 13:23:00
49,Novel,15,Clothing,217.06,liter,9.58,2023-09-12 03:33:00
50,Shoes,45,Clothing,195.34,liter,0.42,2023-10-22 07:28:00
51,Shirt,24,Books,142.84,piece,4.07,2023-03-29 05:59:00
52,Shirt,8,Electronics,396.25,kg,4.72,2023-01-05 20:39:00
53,Shoes,2,Clothing,416.8,liter,4.91,2023-01-20 01:47:00
54,Headphones,32,Electronics,424.3,liter,0.87,2023-01-02 03:26:00
55,Headphones,21,Clothing,54.31,kg,8.34,2023-06-12 02:01:00
56,Headphones,1,Books,371.21,kg,1.85,2023-12-15 16:11:00
57,Shoes,36,Books,403.43,kg,4.48,2023-09-29 08:02:00
58,Bread,25,Books,30.6,piece,9.62,2023-09-25 02:50:00
59,Novel,4,Books,492.51,kg,1.27,2023-07-18 18:34:00
60,Headphones,17,Books,77.74,kg,4.55,2023-03-09 16:56:00
61,Backpack,23,Grocery,435.47,liter,9.67,2023-12-11 12:00:00
62,Milk,49,Clothing,348.06,kg,0.89,2023-08-22 20:58:00
63,Shoes,36,Clothing,328.55,liter,8.68,2023-07-06 01:27:00
64,Shoes,42,Electronics,274.61,piece,8.18,2023-05-23 05:13:00
65,Laptop,35,Grocery,236.8,kg,8.13,2023-10-21 08:21:00
66,Shirt,33,Grocery,495.84,kg,2.77,2023-10-17 23:16:00
67,Headphones,45,Electronics,96.2,liter,2.12,2023-01-25 23:51:00
68,Shirt,25,Clothing,403.49,piece,7.23,2023-12-21 13:03:00
69,Novel,45,Clothing,208.49,liter,1.78,2023-10-30 02:25:00
70,Headphones,5,Electronics,190.13,liter,5.67,2023-03-05 18:25:00
71,Laptop,11,Books,417.03,piece,4.53,2023-11-30 10:23:00
72,Laptop,34,Grocery,202.83,liter,4.85,2023-06-25 15:35:00
73,Milk,49,Clothing,272.01,liter,5.3,2023-11-30 16:36:00
74,Shirt,13,Electronics,394.35,piece,9.94,2023-07-30 15:37:00
75,Bread,38,Grocery,41.33,piece,6.92,2023-03-09 14:55:00
76,Milk,36,Clothing,356.64,liter,5.72,2023-08-17 04:41:00
77,Milk,39,Grocery,195.19,piece,5.48,2023-06-25 13:42:00
78,Shoes,7,Grocery,212.08,kg,0.25,2023-11-09 22:10:00
79,Milk,50,Books,224.63,kg,5.72,2023-07-31 14:53:00
80,Laptop,35,Electronics,278.68,piece,2.24,2023-03-04 16:29:00
81,Backpack,21,Books,473.33,liter,9.16,2023-03-28 00:52:00
82,Shoes,36,Grocery,411.9,piece,6.85,2023-06-02 12:20:00
83,Shirt,45,Books,145.93,kg,6.57,2023-11-16 09:55:00
84,Laptop,49,Grocery,344.25,kg,5.89,2023-11-04 13:39:00
85,Milk,5,Grocery,199.8,kg,6.0,2023-01-14 06:39:00
86,Bread,9,Books,46.76,kg,5.69,2023-07-17 09:00:00
87,Shoes,17,Clothing,443.34,piece,3.77,2023-07-20 22:14:00
88,Backpack,36,Books,412.57,liter,7.32,2023-01-12 03:46:00
89,Headphones,15,Clothing,187.81,liter,6.6,2023-08-06 10:26:00
90,Backpack,50,Electronics,237.75,kg,9.77,2023-12-02 07:56:00
91,Shoes,17,Books,175.59,piece,8.59,2023-09-26 20:56:00
92,Shoes,33,Clothing,274.29,piece,2.53,2023-06-29 09:27:00
93,Laptop,35,Electronics,259.19,piece,2.45,2023-11-14 04:44:00
94,Headphones,19,Clothing,285.15,liter,0.75,2023-03-31 01:47:00
95,Novel,37,Clothing,394.02,kg,0.74,2023-10-22 13:52:00
96,Bread,1,Clothing,143.96,liter,2.04,2023-07-30 23:55:00
97,Shoes,13,Books,395.65,kg,0.13,2023-06-03 00:55:00
98,Bread,3,Electronics,228.34,liter,9.98,2023-10-03 14:28:00
99,Milk,24,Books,131.68,kg,7.26,2023-03-03 22:12:00
100,Laptop,45,Grocery,45.49,kg,9.88,2023-06-18 04:23:00
101,Bread,48,Grocery,178.07,piece,0.84,2023-02-28 07:13:00
102,Novel,3,Books,193.81,piece,0.3,2023-09-13 06:09:00
103,Novel,50,Books,159.83,kg,5.9,2023-01-14 18:17:00
104,Shoes,49,Clothing,204.29,kg,5.32,2023-03-21 05:25:00
105,Bread,16,Books,301.0,liter,2.03,2023-03-29 12:08:00
106,Novel,46,Grocery,84.5,kg,2.04,2023-10-21 14:57:00
107,Milk,21,Electronics,487.18,liter,1.92,2023-07-20 17:08:00
108,Bread,39,Grocery,403.95,piece,9.98,2023-08-19 09:54:00
109,Novel,39,Grocery,131.23,kg,8.96,2023-06-05 04:41:00
110,Laptop,27,Grocery,45.98,liter,8.92,2023-05-10 14:09:00
111,Milk,45,Electronics,69.7,liter,9.02,2023-03-07 03:53:00
112,Backpack,23,Clothing,391.84,kg,0.31,2023-06-23 10:10:00
113,Shoes,1,Books,380.68,piece,3.83,2023-04-03 07:22:00
114,Novel,42,Clothing,342.17,liter,8.33,2023-11-06 03:27:00
115,Shoes,35,Grocery,271.61,liter,2.63,2023-05-30 21:07:00
116,Headphones,21,Grocery,205.89,piece,8.12,2023-12-03 18:23:00
117,Milk,4,Grocery,428.72,liter,6.97,2023-06-08 06:38:00
118,Bread,22,Books,441.58,kg,2.18,2023-04-03 02:26:00
119,Laptop,36,Clothing,149.11,piece,3.56,2023-08-24 09:10:00
120,Novel,17,Grocery,361.17,kg,9.71,2023-05-30 17:57:00
121,Novel,19,Books,453.68,liter,6.8,2023-05-20 16:40:00
122,Shirt,43,Clothing,269.87,liter,0.37,2023-11-30 11:30:00
123,Laptop,39,Electronics,80.33,piece,8.25,2023-12-20 08:45:00
124,Shirt,21,Grocery,86.47,kg,9.16,2023-11-18 22:34:00
125,Milk,36,Electronics,39.76,liter,4.37,2023-10-26 06:07:00
126,Milk,24,Grocery,325.34,piece,5.38,2023-03-12 16:57:00
127,Milk,20,Books,309.62,piece,8.18,2023-04-06 16:42:00
128,Milk,36,Clothing,254.68,kg,3.95,2023-05-17 14:32:00
129,Shoes,39,Clothing,231.68,liter,3.05,2023-04-15 00:03:00
130,Backpack,26,Electronics,356.31,kg,9.85,2023-09-03 06:51:00
131,Milk,50,Books,167.39,kg,8.65,2023-04-09 05:19:00
132,Headphones,34,Electronics,380.58,piece,6.89,2023-10-12 22:15:00
133,Backpack,44,Grocery,237.88,piece,0.46,2023-09-01 03:50:00
134,Shirt,6,Grocery,156.35,kg,0.72,2023-10-18 09:56:00
135,Laptop,5,Clothing,121.4,piece,7.96,2023-05-09 20:04:00
136,Bread,30,Books,350.62,piece,4.24,2023-08-15 00:47:00
137,Shoes,33,Books,372.46,kg,4.59,2023-09-26 00:11:00
138,Shirt,41,Books,477.61,piece,8.66,2023-04-07 10:25:00
139,Laptop,50,Grocery,351.88,liter,5.77,2023-02-16 20:04:00
140,Shoes,1,Grocery,303.52,piece,1.37,2023-12-04 15:14:00
141,Milk,32,Clothing,25.72,piece,5.21,2023-01-05 21:27:00
142,Novel,18,Electronics,62.32,liter,5.34,2023-06-26 00:44:00
143,Bread,31,Grocery,441.57,piece,7.22,2023-07-03 04:15:00
144,Shoes,6,Grocery,203.64,kg,2.92,2023-02-26 01:14:00
145,Headphones,26,Grocery,352.93,piece,7.9,2023-03-01 15:41:00
146,Bread,18,Books,403.41,liter,7.87,2023-04-28 01:12:00
147,Novel,48,Grocery,496.86,piece,2.31,2023-05-07 04:33:00
148,Bread,50,Electronics,129.37,kg,2.62,2023-04-08 13:53:00
149,Shoes,42,Electronics,354.07,piece,5.41,2023-02-17 09:50:00
150,Headphones,47,Electronics,6.32,kg,0.4,2023-11-28 20:35:00
151,Shoes,27,Clothing,287.18,piece,9.32,2023-11-27 21:04:00
152,Shoes,42,Books,193.7,piece,7.13,2023-08-13 18:44:00
153,Shirt,26,Clothing,319.35,kg,8.66,2023-12-06 23:10:00
154,Novel,27,Electronics,384.78,piece,4.18,2023-07-31 23:51:00
155,Shirt,46,Electronics,396.84,piece,6.75,2023-06-14 18:03:00
156,Laptop,28,Clothing,184.36,piece,4.22,2023-05-21 06:32:00
157,Headphones,41,Books,387.93,piece,4.72,2023-04-02 09:09:00
158,Shoes,15,Grocery,80.61,liter,1.44,2023-05-08 11:10:00
159,Backpack,41,Electronics,265.01,liter,0.53,2023-05-05 16:16:00
160,Novel,4,Books,363.64,kg,3.67,2023-11-13 02:03:00
161,Bread,43,Electronics,50.09,liter,1.76,2023-11-04 17:07:00
162,Milk,6,Grocery,38.13,liter,1.85,2023-01-23 23:16:00
163,Bread,1,Clothing,282.86,kg,9.55,2023-10-18 11:31:00
164,Shoes,25,Grocery,390.65,piece,8.4,2023-04-01 06:57:00
165,Shirt,34,Books,429.81,liter,6.97,2023-08-11 21:15:00
166,Laptop,13,Books,34.69,piece,6.87,2023-06-03 15:01:00
167,Milk,36,Grocery,203.05,kg,8.12,2023-11-05 10:31:00
168,Milk,48,Clothing,442.67,piece,0.21,2023-01-12 05:32:00
169,Shirt,11,Electronics,153.5,liter,2.31,2023-09-20 14:11:00
170,Bread,5,Electronics,198.72,piece,0.84,2023-03-25 22:50:00
171,Shirt,11,Electronics,243.37,kg,7.87,2023-10-12 13:08:00
172,Bread,23,Grocery,46.72,piece,9.39,2023-10-23 17:53:00
173,Laptop,17,Clothing,208.27,liter,4.74,2023-06-12 23:16:00
174,Milk,23,Electronics,319.35,liter,9.13,2023-03-25 12:22:00
175,Backpack,26,Grocery,346.07,liter,1.86,2023-08-09 06:14:00
176,Milk,37,Grocery,137.14,piece,2.61,2023-06-10 07:07:00
177,Novel,13,Books,375.45,kg,1.79,2023-11-18 03:11:00
178,Bread,36,Clothing,55.28,liter,7.93,2023-09-18 00:34:00
179,Novel,44,Grocery,234.44,kg,9.35,2023-12-28 10:43:00
180,Laptop,34,Grocery,471.7,liter,9.87,2023-06-08 15:03:00
181,Headphones,21,Clothing,30.53,kg,2.49,2023-08-17 10:11:00
182,Headphones,20,Books,57.71,piece,5.71,2023-01-02 02:27:00
183,Laptop,22,Electronics,251.41,liter,6.82,2023-10-31 00:37:00
184,Backpack,29,Clothing,91.48,piece,9.81,2023-09-19 11:47:00
185,Backpack,4,Books,433.28,piece,7.8,2023-03-04 07:03:00
186,Backpack,41,Books,110.04,liter,7.35,2023-06-14 17:07:00
187,Headphones,7,Electronics,480.02,piece,3.47,2023-11-25 10:34:00
188,Backpack,19,Books,21.84,liter,9.54,2023-05-19 19:29:00
189,Backpack,10,Grocery,138.6,piece,3.79,2023-02-25 20:52:00
190,Laptop,44,Clothing,278.35,kg,8.9,2023-12-24 13:04:00
191,Milk,23,Grocery,326.73,liter,8.88,2023-09-30 06:26:00
192,Shirt,42,Books,222.31,liter,1.64,2023-11-29 16:10:00
193,Novel,48,Clothing,135.2,kg,1.67,2023-12-14 00:13:00
194,Shirt,42,Grocery,282.46,piece,6.27,2023-10-28 13:24:00
195,Milk,21,Clothing,404.38,liter,4.97,2023-12-23 06:19:00
196,Shirt,18,Clothing,191.17,piece,4.7,2023-11-26 10:15:00
197,Novel,40,Clothing,31.72,piece,8.62,2023-12-29 23:07:00
198,Bread,50,Books,165.97,liter,1.76,2023-08-04 06:11:00
199,Milk,9,Grocery,67.67,kg,8.33,2023-02-05 19:07:00
200,Milk,43,Grocery,267.35,piece,7.85,2023-03-27 10:20:00
201,Shoes,16,Books,160.81,kg,7.92,2023-10-06 17:08:00
202,Shoes,42,Books,482.89,piece,3.56,2023-12-28 05:33:00
203,Milk,4,Electronics,199.84,kg,8.1,2023-11-02 14:17:00
204,Headphones,6,Electronics,463.48,kg,0.58,2023-06-19 23:21:00
205,Backpack,15,Clothing,259.5,kg,0.22,2023-05-15 07:20:00
206,Laptop,22,Clothing,86.7,kg,4.53,2023-01-29 13:33:00
207,Bread,24,Electronics,216.19,piece,9.53,2023-11-22 04:25:00
208,Novel,22,Clothing,153.21,kg,8.9,2024-01-01 21:31:00
209,Milk,24,Grocery,353.07,piece,6.95,2023-07-24 22:36:00
210,Shoes,43,Clothing,246.96,piece,3.35,2023-03-26 21:47:00
211,Novel,40,Electronics,238.27,piece,8.09,2023-07-10 02:31:00
212,Backpack,32,Clothing,30.2,liter,7.99,2023-09-18 08:56:00
213,Bread,42,Clothing,361.47,piece,5.04,2023-12-24 17:27:00
214,Bread,48,Clothing,207.13,liter,1.31,2023-03-26 21:22:00
215,Shirt,43,Books,150.76,piece,7.1,2023-12-16 08:34:00
216,Headphones,21,Grocery,357.82,kg,4.07,2023-01-07 21:33:00
217,Shoes,32,Electronics,205.91,kg,3.92,2023-05-06 03:19:00
218,Milk,48,Books,216.38,kg,4.73,2023-10-31 15:51:00
219,Novel,34,Clothing,185.86,piece,0.22,2023-01-14 19:07:00
220,Headphones,34,Clothing,36.31,liter,2.14,2023-06-23 07:35:00
221,Shoes,27,Clothing,213.65,kg,8.88,2023-10-11 21:10:00
222,Headphones,35,Electronics,126.69,kg,2.84,2023-04-06 07:34:00
223,Bread,20,Books,410.09,kg,3.81,2023-03-18 22:35:00
224,Milk,17,Clothing,440.24,kg,6.75,2023-09-19 18:11:00
225,Shoes,30,Electronics,149.96,liter,9.61,2023-08-30 01:44:00
226,Milk,10,Clothing,457.73,piece,2.9,2023-02-18 01:04:00
227,Milk,2,Electronics,163.88,liter,8.82,2023-03-17 10:21:00
228,Backpack,31,Electronics,230.14,kg,2.89,2023-04-12 14:45:00
229,Milk,40,Electronics,28.71,liter,8.93,2023-02-22 19:52:00
230,Backpack,20,Books,123.49,kg,5.95,2023-06-20 14:32:00
231,Backpack,37,Electronics,437.84,liter,5.88,2023-10-11 03:24:00
232,Headphones,32,Grocery,398.93,liter,4.58,2023-01-24 00:00:00
233,Milk,2,Clothing,363.55,liter,4.57,2023-04-03 08:00:00
234,Shoes,26,Grocery,278.46,kg,4.55,2023-11-21 01:31:00
235,Shoes,26,Books,286.95,piece,0.87,2023-03-05 13:55:00
236,Backpack,10,Clothing,214.41,liter,0.21,2023-11-12 01:15:00
237,Milk,44,Electronics,182.68,kg,1.81,2023-03-14 17:56:00
238,Shoes,8,Clothing,447.32,liter,8.21,2023-10-16 00:52:00
239,Shoes,22,Electronics,367.45,liter,3.33,2023-04-01 22:58:00
240,Shirt,27,Clothing,414.12,liter,6.54,2023-04-21 02:29:00
241,Shoes,37,Electronics,494.92,liter,2.14,2023-11-20 22:03:00
242,Shirt,9,Grocery,169.07,piece,2.02,2023-01-26 22:50:00
243,Milk,12,Clothing,279.59,piece,3.97,2023-11-25 05:53:00
244,Shirt,8,Books,338.67,piece,2.4,2023-12-05 14:18:00
245,Novel,23,Electronics,135.28,liter,8.63,2023-02-04 12:42:00
246,Bread,19,Books,402.21,kg,4.5,2023-12-27 18:23:00
247,Headphones,42,Clothing,287.98,liter,9.24,2023-09-23 10:49:00
248,Novel,24,Clothing,246.85,piece,1.16,2023-03-09 20:19:00
249,Shoes,29,Books,290.12,liter,9.58,2023-07-19 23:01:00
250,Novel,47,Clothing,344.42,kg,6.43,2023-06-03 09:32:00
251,Shoes,33,Grocery,86.71,piece,0.39,2023-01-28 17:22:00
252,Laptop,50,Books,12.71,piece,1.76,2023-02-17 20:46:00
253,Laptop,19,Electronics,253.9,liter,0.37,2023-02-08 16:01:00
254,Shoes,34,Electronics,109.04,piece,0.38,2023-11-21 21:31:00
255,Headphones,25,Books,240.69,kg,7.78,2023-10-14 11:58:00
256,Headphones,3,Books,194.72,kg,5.29,2023-09-17 13:21:00
257,Milk,9,Books,305.2,liter,3.39,2023-11-19 05:06:00
258,Novel,23,Electronics,320.73,piece,6.28,2023-12-11 11:39:00
259,Headphones,19,Clothing,179.92,piece,5.03,2023-11-23 15:06:00
260,Shirt,50,Grocery,266.15,liter,7.83,2023-12-03 16:47:00
261,Backpack,1,Clothing,157.4,piece,8.51,2023-11-10 13:41:00
262,Headphones,41,Clothing,285.95,kg,3.85,2023-12-02 02:15:00
263,Milk,10,Clothing,210.01,liter,3.38,2023-09-08 05:54:00
264,Laptop,37,Grocery,330.5,piece,1.81,2023-11-17 18:44:00
265,Backpack,45,Electronics,448.12,kg,1.88,2023-12-05 19:42:00
266,Milk,1,Books,300.52,piece,8.36,2023-08-30 15:03:00
267,Milk,45,Clothing,430.57,piece,9.06,2023-05-18 00:04:00
268,Novel,50,Grocery,428.72,piece,5.92,2023-01-01 13:33:00
269,Laptop,5,Electronics,433.79,piece,7.15,2023-05-05 13:22:00
270,Bread,26,Clothing,47.63,liter,4.06,2023-01-30 06:49:00
271,Shoes,34,Books,312.94,kg,6.66,2023-06-23 13:53:00
272,Laptop,22,Grocery,87.66,kg,8.36,2023-08-23 21:46:00
273,Novel,44,Grocery,189.46,kg,4.47,2023-03-21 21:19:00
274,Shoes,50,Books,392.18,kg,9.6,2023-12-26 09:14:00
275,Milk,9,Grocery,204.44,liter,5.35,2023-02-11 22:11:00
276,Milk,38,Clothing,298.66,piece,8.25,2023-08-30 00:06:00
277,Shirt,39,Clothing,205.86,liter,9.21,2023-12-15 00:16:00
278,Headphones,43,Grocery,140.61,kg,3.77,2023-10-03 01:17:00
279,Shirt,6,Electronics,54.22,kg,8.65,2023-07-08 17:26:00
280,Laptop,39,Grocery,265.95,kg,8.72,2023-07-29 14:52:00
281,Shirt,19,Clothing,313.18,piece,9.21,2023-12-06 04:44:00
282,Headphones,12,Electronics,169.34,kg,2.74,2023-11-06 21:37:00
283,Backpack,12,Clothing,499.41,piece,1.85,2023-05-31 05:36:00
284,Novel,32,Grocery,329.62,liter,7.96,2023-08-24 14:21:00
285,Bread,42,Clothing,467.09,liter,4.61,2023-09-07 17:46:00
286,Bread,36,Grocery,7.14,piece,3.25,2023-03-10 11:16:00
287,Shirt,32,Grocery,81.31,liter,6.86,2023-02-03 09:14:00
288,Shirt,41,Grocery,142.07,kg,1.61,2023-05-31 19:38:00
289,Bread,35,Clothing,125.31,liter,8.32,2023-10-03 15:22:00
290,Milk,10,Grocery,466.6,kg,0.13,2023-03-19 03:17:00
291,Novel,14,Grocery,278.28,kg,6.73,2023-08-23 20:10:00
292,Headphones,4,Electronics,58.89,liter,3.06,2023-02-17 16:52:00
293,Novel,7,Clothing,465.78,kg,3.89,2023-01-28 05:07:00
294,Milk,31,Grocery,19.83,kg,5.63,2023-06-20 06:17:00
295,Novel,14,Electronics,68.24,kg,7.81,2023-08-27 04:23:00
296,Novel,44,Books,443.63,piece,0.39,2023-02-26 18:11:00
297,Milk,32,Grocery,246.85,liter,2.17,2023-02-22 06:06:00
298,Shoes,22,Clothing,259.77,piece,4.66,2023-11-17 07:33:00
299,Laptop,16,Clothing,342.06,kg,8.72,2023-08-02 10:02:00
300,Headphones,6,Clothing,84.44,piece,5.17,2023-05-02 06:45:00
301,Novel,17,Books,19.14,kg,4.31,2023-05-30 22:47:00
302,Backpack,44,Books,27.58,piece,3.4,2023-08-07 07:27:00
303,Novel,26,Clothing,402.36,liter,8.39,2023-04-29 13:46:00
304,Milk,45,Clothing,324.99,kg,5.06,2023-04-18 18:46:00
305,Backpack,43,Electronics,476.34,liter,1.29,2023-10-23 12:24:00
306,Shirt,8,Clothing,329.98,liter,3.69,2023-01-16 08:39:00
307,Shirt,46,Grocery,325.79,kg,4.12,2023-04-30 07:54:00
308,Shirt,47,Clothing,19.23,kg,2.08,2023-06-05 05:22:00
309,Laptop,34,Books,120.41,kg,8.56,2023-09-24 22:21:00
310,Laptop,5,Electronics,211.12,kg,3.65,2023-10-30 02:04:00
311,Shirt,4,Grocery,296.66,liter,0.66,2023-11-15 07:50:00
312,Shoes,43,Books,39.35,kg,0.79,2023-07-07 00:53:00
313,Headphones,32,Grocery,316.57,piece,9.51,2023-12-12 18:35:00
314,Headphones,30,Clothing,180.21,kg,2.62,2023-05-29 05:03:00
315,Backpack,29,Clothing,379.05,piece,1.08,2023-08-01 02:38:00
316,Backpack,30,Electronics,427.31,liter,0.34,2023-08-31 23:05:00
317,Milk,33,Electronics,139.72,kg,9.22,2023-12-06 05:49:00
318,Bread,13,Books,92.95,liter,7.5,2023-11-12 17:11:00
319,Milk,41,Books,50.27,piece,5.27,2023-11-25 23:00:00
320,Laptop,19,Electronics,452.19,piece,2.41,2023-12-18 01:16:00
321,Milk,11,Electronics,453.75,piece,8.43,2023-10-18 15:01:00
322,Shoes,28,Clothing,268.1,piece,9.1,2023-01-24 09:00:00
323,Backpack,47,Books,457.28,piece,3.08,2023-01-24 06:51:00
324,Milk,1,Grocery,13.44,piece,0.24,2023-11-09 06:26:00
325,Shirt,41,Electronics,127.31,kg,7.42,2023-07-04 13:23:00
326,Shirt,14,Books,270.38,piece,2.29,2023-06-02 03:24:00
327,Shoes,26,Clothing,194.97,liter,3.48,2023-09-28 03:17:00
328,Headphones,23,Grocery,349.02,piece,6.31,2023-05-19 00:43:00
329,Milk,20,Books,423.52,kg,7.01,2023-07-29 02:46:00
330,Novel,28,Clothing,85.24,liter,9.23,2023-07-09 11:28:00
331,Bread,5,Electronics,90.59,liter,7.35,2023-08-28 11:15:00
332,Novel,45,Grocery,476.03,liter,1.82,2023-10-12 00:04:00
333,Bread,36,Grocery,250.98,liter,8.81,2023-06-29 15:05:00
334,Shoes,16,Books,248.28,liter,6.38,2023-11-22 16:22:00
335,Headphones,48,Clothing,210.53,liter,8.8,2023-04-01 02:37:00
336,Backpack,28,Grocery,381.81,piece,1.73,2023-09-23 02:02:00
337,Milk,16,Electronics,288.16,kg,2.41,2023-05-08 18:51:00
338,Laptop,30,Books,63.36,piece,1.34,2023-01-24 13:52:00
339,Backpack,28,Electronics,166.19,kg,1.32,2023-09-22 14:53:00
340,Novel,27,Clothing,440.04,kg,1.16,2023-06-15 05:18:00
341,Backpack,49,Clothing,420.5,liter,5.5,2023-06-15 23:41:00
342,Headphones,31,Books,123.19,kg,4.66,2023-03-28 15:26:00
343,Shoes,50,Books,497.18,kg,5.2,2023-06-26 12:41:00
344,Backpack,13,Electronics,388.91,liter,8.41,2023-06-06 13:20:00
345,Headphones,24,Books,188.17,kg,0.19,2023-04-15 22:55:00
346,Milk,25,Clothing,113.32,kg,0.41,2023-02-11 20:59:00
347,Novel,14,Electronics,386.27,piece,2.57,2023-05-12 00:01:00
348,Novel,40,Electronics,257.19,liter,7.18,2023-08-30 08:35:00
349,Novel,24,Clothing,370.2,kg,3.94,2023-07-30 05:40:00
350,Milk,8,Books,270.1,kg,7.88,2023-01-02 10:45:00
351,Bread,27,Clothing,291.89,piece,3.88,2023-02-18 09:42:00
352,Shoes,28,Books,124.22,liter,7.63,2023-08-10 03:50:00
353,Laptop,9,Books,395.77,piece,0.41,2023-01-15 10:12:00
354,Shirt,28,Books,233.73,kg,7.19,2023-12-04 20:45:00
355,Laptop,46,Clothing,111.78,kg,2.18,2023-03-16 15:44:00
356,Laptop,25,Electronics,189.89,kg,3.72,2023-08-12 10:19:00
357,Shoes,9,Books,418.95,kg,8.19,2023-11-04 12:12:00
358,Bread,16,Books,229.98,kg,4.96,2023-03-24 14:58:00
359,Headphones,45,Electronics,194.56,piece,9.37,2023-10-26 06:58:00
360,Backpack,21,Books,234.04,piece,1.43,2023-07-10 02:01:00
361,Headphones,45,Grocery,396.66,piece,8.91,2023-10-02 22:01:00
362,Shirt,8,Grocery,20.78,kg,9.21,2023-08-05 22:14:00
363,Headphones,23,Clothing,54.07,liter,2.74,2023-04-06 15:56:00
364,Shirt,2,Electronics,462.63,piece,8.89,2023-03-15 02:34:00
365,Shirt,45,Electronics,368.75,kg,7.91,2023-07-01 05:13:00
366,Shirt,28,Electronics,281.47,liter,2.37,2023-10-09 00:01:00
367,Backpack,45,Electronics,207.0,kg,6.69,2023-04-16 12:52:00
368,Bread,19,Books,456.54,liter,9.96,2023-12-02 06:24:00
369,Novel,42,Books,319.15,piece,1.56,2023-02-25 16:53:00
370,Headphones,25,Clothing,129.38,liter,6.59,2023-10-15 05:51:00
371,Laptop,47,Electronics,113.49,piece,5.77,2023-12-31 00:30:00
372,Milk,1,Grocery,424.63,kg,3.41,2023-12-17 06:46:00
373,Bread,13,Clothing,262.82,liter,2.0,2023-12-06 01:21:00
374,Shirt,43,Books,205.68,liter,8.05,2023-05-01 23:40:00
375,Novel,47,Clothing,485.81,kg,3.95,2023-10-24 15:45:00
376,Novel,13,Books,403.44,kg,4.22,2023-08-22 13:46:00
377,Shoes,13,Grocery,447.06,piece,6.97,2023-03-29 20:29:00
378,Milk,43,Clothing,408.78,kg,5.07,2023-12-15 23:57:00
379,Shirt,36,Clothing,491.08,piece,1.17,2023-03-17 12:02:00
380,Backpack,31,Books,18.89,piece,0.72,2023-04-08 23:34:00
381,Shirt,5,Electronics,423.21,piece,0.27,2023-01-12 14:14:00
382,Shoes,42,Books,249.48,piece,5.86,2023-09-25 08:10:00
383,Novel,45,Books,456.55,piece,4.96,2023-05-27 06:59:00
384,Milk,22,Grocery,473.35,kg,5.11,2023-03-16 03:47:00
385,Novel,18,Books,8.44,liter,0.91,2023-08-25 23:14:00
386,Headphones,24,Clothing,173.08,liter,4.79,2023-06-20 02:46:00
387,Bread,42,Grocery,293.6,kg,5.1,2023-09-27 12:07:00
388,Shoes,44,Electronics,226.61,kg,6.59,2023-08-27 07:19:00
389,Bread,8,Clothing,483.68,liter,3.61,2023-07-26 03:14:00
390,Bread,44,Clothing,431.71,piece,8.45,2023-02-26 12:13:00
391,Shirt,26,Books,58.88,piece,8.33,2023-10-20 08:58:00
392,Laptop,24,Clothing,208.38,liter,1.46,2023-09-27 05:34:00
393,Headphones,3,Clothing,204.62,liter,3.58,2023-01-29 20:01:00
394,Laptop,29,Electronics,27.38,liter,2.54,2023-09-13 07:34:00
395,Backpack,30,Grocery,97.46,liter,5.99,2023-01-26 16:49:00
396,Headphones,31,Electronics,479.58,liter,10.0,2023-11-28 16:56:00
397,Novel,34,Grocery,298.08,liter,7.13,2023-12-03 08:42:00
398,Bread,44,Electronics,212.34,liter,6.39,2023-12-19 16:40:00
399,Laptop,7,Electronics,16.14,kg,2.88,2023-08-20 07:52:00
400,Milk,27,Electronics,315.34,kg,6.08,2023-09-15 05:33:00
401,Backpack,44,Books,245.64,kg,5.99,2023-10-04 14:43:00
402,Laptop,10,Clothing,141.2,piece,1.36,2023-07-03 16:31:00
403,Laptop,16,Clothing,312.3,liter,5.5,2023-11-09 11:44:00
404,Headphones,13,Grocery,119.96,liter,0.62,2023-07-07 19:50:00
405,Laptop,32,Clothing,411.41,liter,4.33,2023-02-09 02:00:00
406,Laptop,20,Grocery,344.12,piece,4.98,2023-09-06 21:40:00
407,Shoes,32,Grocery,109.57,kg,2.59,2023-04-01 23:01:00
408,Bread,21,Grocery,260.81,kg,4.1,2023-01-20 07:30:00
409,Backpack,11,Grocery,318.08,liter,6.63,2023-02-14 15:22:00
410,Laptop,23,Grocery,162.22,liter,6.87,2023-11-24 06:28:00
411,Backpack,49,Books,389.94,liter,8.12,2023-10-23 14:54:00
412,Backpack,43,Grocery,465.17,piece,5.11,2023-06-17 16:57:00
413,Shoes,48,Books,338.42,kg,2.83,2023-11-14 13:06:00
414,Backpack,28,Books,229.73,liter,6.18,2023-07-31 19:48:00
415,Shoes,9,Grocery,362.14,kg,4.38,2023-02-04 00:16:00
416,Novel,33,Grocery,471.74,kg,8.53,2024-01-01 07:55:00
417,Novel,24,Books,61.06,kg,1.17,2023-09-24 09:26:00
418,Headphones,37,Electronics,246.99,piece,1.95,2023-03-07 08:41:00
419,Milk,43,Electronics,73.56,kg,9.62,2023-11-08 18:43:00
420,Backpack,26,Electronics,132.54,liter,7.27,2023-03-28 03:54:00
421,Backpack,15,Grocery,269.03,kg,1.8,2023-09-11 14:54:00
422,Laptop,50,Clothing,198.64,piece,4.86,2023-11-09 03:11:00
423,Headphones,17,Electronics,394.44,liter,9.3,2023-10-19 17:20:00
424,Backpack,50,Grocery,271.35,kg,1.38,2023-03-17 05:20:00
425,Laptop,13,Books,380.72,kg,5.35,2023-10-17 15:42:00
426,Novel,36,Books,144.79,liter,5.98,2023-05-22 11:18:00
427,Milk,12,Clothing,83.81,liter,7.51,2023-10-24 19:12:00
428,Bread,4,Grocery,311.78,liter,7.73,2023-08-07 09:20:00
429,Laptop,31,Books,231.46,kg,2.96,2023-08-21 15:59:00
430,Backpack,10,Books,398.72,liter,0.48,2023-07-31 15:32:00
431,Novel,30,Books,471.9,kg,8.44,2023-09-03 08:48:00
432,Laptop,22,Clothing,404.36,piece,8.04,2023-02-12 08:55:00
433,Headphones,26,Books,105.27,kg,9.69,2023-04-28 01:30:00
434,Backpack,23,Books,225.54,liter,0.34,2023-11-04 15:15:00
435,Milk,12,Clothing,150.92,liter,8.46,2023-09-21 18:56:00
436,Headphones,41,Grocery,324.09,piece,1.55,2023-12-05 19:07:00
437,Backpack,10,Electronics,148.15,piece,8.1,2023-09-25 14:24:00
438,Headphones,29,Books,58.62,liter,4.58,2023-07-14 15:49:00
439,Shoes,9,Electronics,15.11,liter,1.07,2023-02-13 02:04:00
440,Laptop,9,Grocery,493.95,piece,9.25,2023-06-19 08:37:00
441,Novel,23,Electronics,183.05,piece,1.18,2023-05-18 14:01:00
442,Novel,26,Grocery,183.76,kg,8.82,2023-03-21 16:07:00
443,Shoes,45,Grocery,334.79,liter,2.07,2023-07-09 11:37:00
444,Shoes,40,Electronics,366.88,kg,6.99,2023-03-25 23:34:00
445,Backpack,46,Electronics,475.65,piece,1.98,2023-04-13 12:37:00
446,Novel,38,Clothing,34.62,liter,4.28,2023-05-17 23:45:00
447,Backpack,43,Grocery,215.4,piece,6.06,2023-05-20 17:54:00
448,Novel,47,Books,326.72,liter,9.87,2023-06-22 04:38:00
449,Bread,9,Clothing,294.15,piece,2.08,2023-01-22 21:01:00
450,Backpack,13,Electronics,73.61,liter,7.31,2023-09-30 23:01:00
451,Headphones,49,Grocery,154.85,kg,1.19,2023-05-23 09:54:00
452,Backpack,33,Grocery,247.61,kg,3.58,2023-04-25 02:26:00
453,Headphones,40,Electronics,154.55,liter,7.73,2023-03-18 05:14:00
454,Milk,19,Clothing,483.65,piece,8.79,2023-07-02 12:31:00
455,Shirt,9,Grocery,20.26,kg,4.89,2023-09-26 01:09:00
456,Bread,34,Clothing,237.66,liter,2.7,2023-09-19 20:36:00
457,Laptop,30,Grocery,70.47,liter,7.07,2023-01-13 22:48:00
458,Laptop,32,Electronics,289.66,liter,8.74,2023-09-03 04:13:00
459,Novel,33,Clothing,349.4,liter,8.91,2023-05-15 10:39:00
460,Bread,43,Grocery,180.6,liter,9.98,2023-09-07 06:42:00
461,Laptop,46,Grocery,433.6,liter,4.34,2023-10-09 12:34:00
462,Headphones,22,Clothing,92.21,liter,0.61,2023-04-08 06:00:00
463,Headphones,37,Books,70.22,kg,1.59,2023-08-20 03:19:00
464,Milk,4,Electronics,69.13,liter,4.24,2023-11-15 09:22:00
465,Backpack,1,Electronics,141.01,piece,6.37,2023-02-01 04:29:00
466,Shoes,5,Clothing,387.47,kg,1.89,2023-01-13 07:04:00
467,Laptop,10,Electronics,176.34,liter,6.74,2023-05-27 04:31:00
468,Laptop,22,Grocery,189.35,piece,4.77,2023-05-26 00:17:00
469,Bread,9,Books,311.81,piece,2.16,2023-01-21 01:01:00
470,Laptop,45,Electronics,407.77,kg,7.06,2023-07-06 02:00:00
471,Novel,25,Grocery,8.03,kg,3.21,2023-06-03 13:43:00
472,Novel,4,Electronics,25.74,piece,7.61,2023-03-01 05:19:00
473,Headphones,30,Grocery,163.98,liter,8.02,2023-05-24 17:52:00
474,Shoes,39,Clothing,210.35,piece,5.13,2023-02-17 14:07:00
475,Headphones,12,Grocery,430.5,liter,9.66,2023-08-06 15:14:00
476,Shirt,25,Electronics,244.28,liter,0.82,2023-11-17 05:50:00
477,Milk,12,Books,149.31,liter,6.24,2023-02-09 12:30:00
478,Headphones,1,Books,354.46,piece,8.28,2023-09-27 07:08:00
479,Bread,26,Electronics,417.41,kg,2.14,2023-04-24 20:40:00
480,Shoes,47,Books,372.32,liter,7.03,2023-04-22 20:59:00
481,Milk,32,Grocery,85.82,liter,1.94,2023-08-27 20:13:00
482,Backpack,30,Electronics,343.04,piece,4.74,2023-10-08 03:00:00
483,Novel,8,Electronics,466.87,piece,9.17,2023-01-17 10:31:00
484,Milk,3,Electronics,188.65,piece,7.64,2023-08-22 14:07:00
485,Laptop,9,Clothing,167.1,kg,0.26,2023-10-03 22:36:00
486,Shirt,47,Books,386.06,kg,8.23,2023-06-29 21:52:00
487,Novel,4,Clothing,490.46,kg,4.96,2023-07-12 08:03:00
488,Shoes,42,Electronics,473.84,piece,3.62,2023-08-19 07:56:00
489,Novel,8,Grocery,376.57,piece,3.13,2023-07-20 13:23:00
490,Milk,7,Grocery,76.92,liter,1.17,2023-06-15 19:56:00
491,Novel,47,Clothing,154.41,piece,0.61,2023-05-19 05:37:00
492,Laptop,39,Clothing,129.38,liter,4.85,2023-11-14 20:49:00
493,Milk,13,Books,271.53,liter,1.23,2023-06-30 15:34:00
494,Laptop,20,Books,54.38,piece,9.08,2023-02-14 03:04:00
495,Headphones,41,Books,305.11,liter,7.22,2023-12-27 17:29:00
496,Shirt,38,Clothing,497.37,liter,2.76,2023-05-20 21:50:00
497,Shoes,5,Books,125.51,piece,1.51,2023-12-27 13:11:00
498,Laptop,26,Electronics,35.5,liter,6.6,2023-07-29 14:00:00
499,Laptop,46,Books,498.1,piece,0.8,2023-02-03 09:09:00
500,Bread,44,Grocery,308.94,kg,3.31,2023-11-29 22:00:00
501,Headphones,2,Electronics,165.51,liter,7.67,2023-12-09 04:54:00
502,Shirt,41,Electronics,484.85,liter,7.01,2023-11-05 03:43:00
503,Novel,27,Electronics,394.58,kg,6.98,2023-12-16 13:43:00
504,Shoes,49,Clothing,313.03,kg,5.81,2023-01-01 12:11:00
505,Laptop,45,Clothing,107.98,kg,6.54,2023-03-09 09:01:00
506,Shoes,48,Electronics,297.02,liter,3.65,2023-01-08 14:14:00
507,Milk,38,Clothing,454.24,kg,4.63,2023-02-19 19:12:00
508,Shirt,9,Clothing,89.68,kg,2.54,2023-11-06 15:36:00
509,Shirt,38,Clothing,97.16,kg,5.65,2023-05-18 16:39:00
510,Shirt,33,Clothing,182.52,kg,7.37,2023-12-17 15:39:00
511,Novel,22,Grocery,227.13,kg,8.15,2023-02-24 17:28:00
512,Milk,6,Clothing,205.24,piece,6.12,2023-07-22 04:52:00
513,Laptop,32,Grocery,99.81,liter,8.96,2023-11-23 13:28:00
514,Shirt,23,Grocery,91.02,piece,1.4,2023-05-18 17:24:00
515,Bread,9,Clothing,230.45,piece,1.86,2023-11-16 06:46:00
516,Milk,27,Grocery,159.86,piece,7.61,2023-08-26 20:39:00
517,Bread,13,Books,461.73,piece,3.54,2023-02-12 10:50:00
518,Backpack,36,Clothing,343.75,kg,1.63,2023-12-19 01:50:00
519,Novel,32,Clothing,297.63,liter,3.26,2023-04-29 05:56:00
520,Laptop,25,Grocery,175.61,kg,3.06,2023-09-16 12:08:00
521,Shirt,3,Electronics,294.13,liter,9.31,2023-03-10 21:19:00
522,Milk,46,Grocery,414.33,kg,4.33,2023-11-08 21:27:00
523,Milk,29,Books,292.76,liter,3.69,2023-02-18 14:07:00
524,Backpack,14,Grocery,339.82,liter,9.27,2023-04-17 20:39:00
525,Novel,29,Books,96.49,kg,1.37,2023-09-20 22:57:00
526,Bread,2,Books,110.44,liter,6.48,2023-11-14 11:50:00
527,Bread,48,Clothing,26.47,liter,8.87,2023-12-27 14:29:00
528,Shoes,27,Clothing,323.22,kg,5.65,2023-12-02 08:02:00
529,Novel,34,Clothing,23.85,piece,4.5,2023-03-20 20:29:00
530,Laptop,22,Clothing,479.87,liter,8.52,2023-02-16 18:11:00
531,Shoes,9,Books,243.99,piece,3.06,2023-09-10 20:48:00
532,Shoes,34,Grocery,351.43,piece,8.16,2023-03-29 06:38:00
533,Shoes,28,Grocery,262.18,piece,9.7,2023-12-06 02:41:00
534,Bread,22,Electronics,361.7,kg,2.02,2023-01-06 10:45:00
535,Headphones,29,Clothing,359.3,liter,7.83,2023-07-01 11:34:00
536,Laptop,29,Grocery,277.53,liter,0.13,2023-11-11 08:12:00
537,Shoes,33,Electronics,249.62,piece,4.39,2023-12-23 17:34:00
538,Headphones,5,Grocery,163.28,liter,9.94,2023-01-13 17:22:00
539,Laptop,15,Clothing,334.41,liter,4.88,2023-11-11 03:45:00
540,Headphones,35,Electronics,445.52,liter,2.3,2023-05-10 19:43:00
541,Backpack,28,Clothing,247.65,liter,7.38,2023-03-30 06:26:00
542,Novel,48,Books,269.22,liter,3.92,2023-08-22 20:01:00
543,Backpack,5,Grocery,343.5,liter,2.46,2023-06-18 03:06:00
544,Novel,9,Clothing,89.65,piece,8.29,2023-02-18 04:05:00
545,Shirt,39,Grocery,490.28,kg,9.09,2023-08-10 18:23:00
546,Backpack,38,Books,289.89,liter,3.49,2023-02-06 21:01:00
547,Milk,39,Electronics,111.64,liter,8.49,2023-01-17 11:35:00
548,Laptop,5,Electronics,260.64,liter,1.01,2023-05-20 04:19:00
549,Novel,47,Grocery,362.88,liter,9.53,2023-01-29 10:07:00
550,Milk,3,Grocery,21.88,liter,9.14,2023-07-03 05:49:00
551,Headphones,36,Books,408.11,piece,3.22,2023-06-21 13:44:00
552,Shirt,45,Clothing,40.01,kg,9.62,2023-08-12 10:55:00
553,Shirt,33,Grocery,5.61,liter,7.65,2023-06-05 23:02:00
554,Shirt,2,Grocery,212.75,liter,2.53,2023-09-19 01:44:00
555,Laptop,47,Electronics,402.89,piece,2.91,2023-11-07 15:38:00
556,Novel,26,Grocery,73.59,piece,5.84,2023-08-15 12:25:00
557,Laptop,48,Books,376.15,kg,5.04,2023-03-14 23:27:00
558,Shoes,48,Books,241.52,piece,3.59,2023-03-31 15:39:00
559,Laptop,38,Electronics,424.4,liter,7.45,2023-04-13 06:39:00
560,Bread,34,Electronics,106.33,liter,4.31,2023-03-25 20:22:00
561,Novel,25,Grocery,17.51,liter,7.36,2023-11-04 11:15:00
562,Bread,18,Electronics,411.96,piece,1.34,2023-07-14 14:29:00
563,Novel,2,Books,81.73,liter,7.97,2023-07-21 15:58:00
564,Shoes,10,Grocery,282.51,liter,3.85,2023-01-14 07:05:00
565,Milk,9,Electronics,71.28,liter,2.18,2023-01-13 17:26:00
566,Laptop,44,Electronics,465.85,liter,8.55,2023-02-25 21:02:00
567,Novel,14,Clothing,361.35,piece,4.52,2023-11-14 08:56:00
568,Shoes,21,Clothing,62.66,kg,3.69,2023-09-16 13:32:00
569,Milk,6,Grocery,173.98,kg,3.67,2023-02-03 15:22:00
570,Bread,15,Electronics,332.22,piece,1.47,2023-10-02 13:49:00
571,Shoes,19,Grocery,184.14,piece,7.39,2023-03-06 12:56:00
572,Shoes,3,Electronics,87.87,kg,5.37,2023-06-03 16:08:00
573,Shirt,6,Electronics,113.31,liter,6.61,2023-01-13 01:03:00
574,Shoes,3,Grocery,120.9,liter,7.4,2023-03-17 05:59:00
575,Novel,32,Electronics,244.0,kg,4.87,2023-09-26 23:51:00
576,Bread,14,Grocery,73.23,piece,2.58,2023-01-18 17:08:00
577,Novel,2,Books,186.29,kg,1.39,2023-01-22 08:20:00
578,Novel,6,Clothing,366.54,liter,2.23,2023-08-15 15:58:00
579,Backpack,38,Electronics,201.86,piece,0.95,2023-09-07 21:58:00
580,Backpack,38,Clothing,133.72,piece,2.91,2023-05-05 05:11:00
581,Shirt,36,Electronics,461.15,liter,1.44,2023-02-22 02:47:00
582,Milk,38,Electronics,56.28,liter,1.79,2023-07-16 14:34:00
583,Headphones,28,Books,450.43,kg,3.94,2023-12-12 17:40:00
584,Novel,6,Clothing,254.26,liter,9.74,2023-06-09 03:23:00
585,Backpack,47,Books,26.17,kg,9.02,2023-09-10 19:08:00
586,Shoes,43,Electronics,223.42,liter,6.27,2023-09-05 19:13:00
587,Shirt,5,Books,47.95,liter,5.65,2023-05-14 09:46:00
588,Novel,10,Books,434.14,kg,3.89,2023-05-06 04:19:00
589,Backpack,41,Clothing,371.95,piece,3.44,2023-05-01 08:23:00
590,Bread,24,Books,88.46,piece,1.19,2023-01-02 00:01:00
591,Shirt,26,Books,46.92,liter,7.01,2023-12-06 18:23:00
592,Laptop,43,Clothing,463.34,kg,8.59,2023-07-25 23:58:00
593,Shirt,21,Electronics,309.67,piece,4.84,2023-10-01 18:49:00
594,Novel,33,Clothing,282.32,kg,3.34,2023-02-05 06:48:00
595,Shoes,27,Books,188.0,liter,5.91,2023-09-22 23:01:00
596,Novel,23,Clothing,450.37,piece,1.95,2023-09-14 00:49:00
597,Headphones,20,Books,45.12,kg,3.84,2023-08-17 17:40:00
598,Milk,32,Clothing,6.91,kg,1.7,2023-10-31 04:37:00
599,Headphones,7,Books,56.44,kg,6.23,2023-07-11 21:43:00
600,Bread,49,Electronics,179.05,liter,9.52,2023-08-07 21:44:00
601,Laptop,5,Grocery,295.78,piece,1.92,2023-09-05 04:02:00
602,Bread,31,Books,8.33,kg,2.54,2023-12-17 06:27:00
603,Laptop,15,Electronics,462.13,piece,1.66,2023-08-25 16:33:00
604,Headphones,40,Electronics,53.28,liter,1.3,2023-08-28 00:07:00
605,Bread,42,Clothing,309.41,liter,4.18,2023-04-07 10:20:00
606,Shirt,21,Grocery,312.83,liter,3.68,2023-01-26 14:09:00
607,Novel,12,Books,429.13,piece,1.75,2023-10-04 09:56:00
608,Headphones,27,Books,405.33,piece,7.95,2023-01-25 23:55:00
609,Bread,26,Books,142.52,kg,3.51,2023-05-20 10:49:00
610,Shoes,33,Books,94.59,liter,5.67,2023-04-04 05:25:00
611,Laptop,1,Grocery,465.35,piece,1.52,2023-11-08 18:53:00
612,Headphones,23,Electronics,113.5,kg,0.37,2023-04-10 06:44:00
613,Laptop,3,Books,186.58,kg,4.88,2023-05-26 02:32:00
614,Milk,25,Books,48.23,piece,3.29,2023-11-25 18:56:00
615,Shoes,47,Electronics,379.19,liter,7.46,2023-02-28 23:38:00
616,Headphones,22,Electronics,425.73,liter,1.77,2023-01-14 19:00:00
617,Headphones,45,Electronics,255.07,piece,3.23,2023-04-01 20:08:00
618,Novel,47,Electronics,172.47,liter,3.13,2023-07-02 09:58:00
619,Milk,29,Books,200.5,piece,7.96,2023-05-23 12:45:00
620,Laptop,4,Clothing,205.13,liter,8.68,2023-07-28 16:24:00
621,Laptop,31,Books,209.52,kg,4.33,2023-08-02 18:47:00
622,Bread,6,Clothing,463.83,piece,4.32,2023-04-08 04:19:00
623,Novel,10,Clothing,364.39,piece,3.18,2023-09-14 20:20:00
624,Backpack,28,Clothing,276.18,liter,1.31,2023-07-03 13:16:00
625,Novel,8,Grocery,62.37,liter,1.84,2023-06-13 23:40:00
626,Novel,11,Grocery,24.8,liter,4.53,2023-08-10 16:43:00
627,Novel,11,Grocery,168.46,liter,2.97,2023-10-24 09:09:00
628,Shirt,35,Grocery,472.69,kg,2.73,2023-06-22 18:38:00
629,Laptop,5,Electronics,481.69,piece,0.29,2023-04-18 00:27:00
630,Laptop,24,Clothing,383.55,liter,6.44,2023-10-23 20:02:00
631,Bread,46,Grocery,62.87,liter,0.13,2023-09-30 05:43:00
632,Shoes,43,Clothing,379.44,liter,3.19,2023-05-08 09:21:00
633,Backpack,2,Clothing,250.04,piece,3.8,2023-04-08 05:43:00
634,Shirt,21,Clothing,427.06,liter,3.5,2023-02-27 18:05:00
635,Backpack,23,Grocery,425.3,kg,4.27,2023-09-13 08:34:00
636,Headphones,31,Books,375.34,piece,6.28,2023-09-15 16:43:00
637,Bread,31,Clothing,242.65,kg,3.8,2023-03-22 06:39:00
638,Headphones,40,Grocery,211.42,liter,4.6,2023-06-07 15:17:00
639,Milk,22,Clothing,59.2,piece,7.94,2023-04-03 13:31:00
640,Novel,1,Electronics,167.93,piece,3.06,2023-08-22 03:59:00
641,Bread,46,Electronics,69.99,kg,6.04,2023-08-20 13:50:00
642,Novel,8,Clothing,301.42,liter,5.88,2023-10-10 12:47:00
643,Novel,47,Books,128.11,liter,5.49,2023-09-07 07:08:00
644,Milk,29,Grocery,373.09,kg,3.38,2023-01-01 14:31:00
645,Novel,12,Electronics,61.12,kg,0.78,2023-06-09 04:45:00
646,Headphones,16,Books,488.91,liter,6.93,2023-12-26 07:43:00
647,Shoes,38,Grocery,96.18,kg,9.55,2023-10-18 12:41:00
648,Bread,3,Grocery,218.39,kg,4.86,2023-05-21 04:57:00
649,Bread,32,Clothing,146.33,liter,4.19,2023-04-23 20:41:00
650,Novel,1,Electronics,164.42,piece,2.74,2023-08-24 20:43:00
651,Headphones,9,Grocery,358.65,kg,2.73,2023-12-09 17:18:00
652,Novel,29,Books,319.86,liter,4.85,2023-12-29 03:26:00
653,Milk,46,Books,108.99,liter,5.09,2023-04-21 00:02:00
654,Backpack,44,Books,99.46,piece,3.11,2023-07-05 22:27:00
655,Bread,19,Grocery,435.32,liter,3.35,2023-08-09 19:45:00
656,Shoes,29,Clothing,462.05,kg,4.73,2023-04-17 15:45:00
657,Milk,17,Electronics,481.02,liter,4.92,2023-10-17 13:20:00
658,Shoes,18,Books,380.92,piece,6.09,2023-05-02 17:37:00
659,Backpack,47,Clothing,410.05,kg,1.21,2023-03-22 05:44:00
660,Bread,8,Books,323.99,kg,9.5,2023-06-08 05:43:00
661,Shoes,42,Books,204.82,liter,3.76,2023-12-25 02:46:00
662,Bread,36,Clothing,221.37,piece,4.71,2023-05-09 21:49:00
663,Headphones,6,Books,67.17,liter,0.33,2023-10-05 11:35:00
664,Bread,27,Grocery,478.94,piece,3.34,2023-06-25 20:11:00
665,Milk,17,Grocery,13.01,piece,7.23,2023-02-07 16:26:00
666,Milk,10,Clothing,369.4,liter,9.17,2023-06-07 13:18:00
667,Bread,46,Books,449.9,liter,8.55,2023-05-12 23:02:00
668,Headphones,19,Clothing,149.11,piece,7.64,2023-08-09 00:44:00
669,Shirt,8,Clothing,5.65,piece,3.57,2023-03-20 16:09:00
670,Bread,27,Books,245.3,liter,4.53,2023-03-10 07:47:00
671,Shirt,12,Electronics,63.85,piece,6.66,2023-01-18 07:11:00
672,Shirt,8,Books,175.13,liter,2.3,2023-12-22 09:42:00
673,Laptop,40,Books,316.47,piece,6.25,2023-05-10 06:08:00
674,Novel,10,Clothing,185.32,kg,8.1,2023-01-17 16:16:00
675,Shirt,34,Books,392.18,piece,2.81,2023-07-13 08:11:00
676,Shoes,24,Clothing,463.01,piece,5.0,2023-06-03 03:52:00
677,Backpack,37,Books,422.94,piece,2.62,2023-06-19 12:20:00
678,Laptop,46,Books,311.47,liter,6.22,2023-11-11 08:23:00
679,Bread,21,Books,385.16,liter,4.41,2023-04-06 01:28:00
680,Laptop,44,Grocery,208.97,piece,6.29,2023-11-18 03:12:00
681,Novel,8,Electronics,483.13,liter,1.94,2023-09-17 23:03:00
682,Backpack,17,Grocery,119.4,liter,5.37,2023-03-02 04:15:00
683,Bread,26,Books,44.61,liter,7.13,2023-01-31 14:24:00
684,Laptop,40,Books,320.63,piece,5.45,2023-05-17 08:29:00
685,Shirt,36,Books,10.81,liter,0.27,2023-01-24 01:56:00
686,Milk,1,Grocery,392.17,kg,5.81,2023-08-30 22:10:00
687,Novel,16,Grocery,383.07,liter,2.85,2023-05-05 21:38:00
688,Shirt,3,Electronics,375.92,kg,5.03,2023-02-23 03:50:00
689,Bread,13,Books,335.22,liter,0.34,2023-11-05 21:19:00
690,Shoes,10,Grocery,57.44,piece,6.94,2023-11-19 18:45:00
691,Laptop,7,Grocery,407.2,kg,0.39,2023-06-08 19:10:00
692,Bread,8,Electronics,254.95,liter,6.67,2023-07-18 23:31:00
693,Shirt,13,Clothing,92.23,kg,1.64,2023-04-29 21:36:00
694,Laptop,35,Grocery,495.78,liter,7.07,2023-09-10 20:15:00
695,Shoes,46,Books,203.18,kg,6.88,2023-01-29 00:45:00
696,Milk,15,Electronics,99.91,piece,6.68,2023-04-04 18:42:00
697,Novel,4,Electronics,364.86,kg,4.22,2023-10-10 12:36:00
698,Milk,14,Clothing,150.28,kg,1.72,2023-02-25 19:04:00
699,Milk,49,Clothing,388.78,kg,1.51,2023-08-12 03:44:00
700,Novel,11,Electronics,220.33,liter,1.81,2023-03-06 21:21:00
701,Laptop,10,Books,241.64,piece,1.25,2023-05-01 05:34:00
702,Laptop,49,Clothing,346.88,piece,0.68,2023-11-21 13:20:00
703,Backpack,19,Electronics,37.64,kg,2.03,2023-02-28 05:41:00
704,Bread,28,Clothing,260.05,kg,8.01,2023-04-12 16:27:00
705,Backpack,46,Books,336.44,kg,3.09,2023-10-16 01:05:00
706,Novel,32,Clothing,369.15,liter,8.14,2023-05-05 19:02:00
707,Headphones,44,Books,204.06,piece,6.55,2023-02-13 18:35:00
708,Bread,30,Books,228.19,liter,0.11,2023-12-02 15:13:00
709,Shirt,48,Grocery,268.88,kg,4.22,2023-10-07 15:22:00
710,Shirt,34,Electronics,340.33,piece,0.12,2023-03-08 08:14:00
711,Shirt,33,Clothing,297.03,liter,9.61,2023-06-01 19:58:00
712,Bread,8,Clothing,334.78,liter,3.71,2023-12-12 01:40:00
713,Laptop,24,Electronics,339.18,kg,4.53,2023-10-03 15:33:00
714,Bread,8,Grocery,23.6,liter,5.86,2023-05-18 11:25:00
715,Backpack,38,Grocery,65.47,piece,6.74,2023-03-05 06:48:00
716,Shirt,6,Clothing,99.56,piece,7.85,2023-06-18 10:33:00
717,Shoes,7,Clothing,145.45,liter,0.42,2023-01-23 03:45:00
718,Laptop,29,Clothing,494.53,piece,7.33,2023-11-23 05:35:00
719,Backpack,36,Clothing,243.39,piece,4.93,2023-01-16 09:57:00
720,Headphones,2,Grocery,447.31,kg,4.94,2023-05-06 04:28:00
721,Novel,27,Clothing,96.32,kg,8.94,2023-01-12 12:44:00
722,Bread,37,Grocery,19.62,piece,1.22,2023-05-23 23:53:00
723,Shirt,18,Clothing,339.38,piece,1.08,2023-08-08 22:42:00
724,Novel,21,Grocery,467.83,kg,0.49,2023-10-29 08:15:00
725,Laptop,23,Grocery,373.96,kg,7.01,2023-01-01 07:38:00
726,Laptop,39,Electronics,373.41,piece,3.9,2023-02-13 18:26:00
727,Backpack,27,Grocery,293.61,kg,9.84,2023-01-10 21:12:00
728,Bread,33,Electronics,105.64,piece,7.41,2023-01-31 05:18:00
729,Backpack,36,Clothing,9.14,liter,4.57,2023-12-11 14:42:00
730,Bread,5,Clothing,300.46,piece,2.59,2023-03-30 03:19:00
731,Headphones,9,Books,183.46,kg,7.62,2023-07-07 00:41:00
732,Backpack,41,Books,20.02,kg,8.2,2023-12-23 03:17:00
733,Novel,20,Clothing,489.07,kg,3.64,2023-01-16 12:22:00
734,Shoes,33,Electronics,499.39,piece,3.09,2023-01-19 00:04:00
735,Bread,15,Books,458.51,kg,7.39,2023-08-20 15:19:00
736,Novel,45,Books,418.68,kg,9.4,2023-09-13 06:28:00
737,Shirt,18,Books,469.41,kg,4.61,2023-04-07 04:28:00
738,Milk,28,Clothing,285.64,piece,4.85,2023-09-24 21:56:00
739,Backpack,7,Grocery,92.09,kg,4.77,2023-03-18 07:52:00
740,Milk,2,Electronics,127.69,liter,1.72,2023-03-14 13:39:00
741,Shirt,43,Electronics,495.22,liter,8.26,2023-09-03 19:53:00
742,Bread,18,Grocery,21.96,liter,3.57,2023-07-20 06:15:00
743,Milk,15,Electronics,18.1,kg,2.71,2023-01-13 06:24:00
744,Shirt,17,Clothing,203.9,liter,4.67,2023-10-02 06:55:00
745,Backpack,17,Grocery,16.45,kg,2.11,2023-06-22 03:55:00
746,Milk,7,Electronics,449.28,liter,0.13,2023-01-04 11:03:00
747,Milk,45,Grocery,141.99,kg,6.15,2023-06-29 08:34:00
748,Novel,40,Grocery,137.7,liter,4.59,2023-03-01 00:50:00
749,Novel,41,Clothing,142.85,piece,6.73,2023-06-12 09:35:00
750,Backpack,46,Grocery,417.78,piece,9.0,2023-03-12 09:27:00
751,Shoes,25,Books,361.31,liter,2.6,2023-11-07 20:30:00
752,Bread,31,Books,492.32,liter,7.57,2023-05-12 03:33:00
753,Shirt,45,Books,14.09,piece,0.86,2023-02-11 14:33:00
754,Bread,36,Clothing,238.67,kg,3.59,2023-02-13 01:24:00
755,Headphones,16,Grocery,356.88,kg,0.88,2023-11-12 17:34:00
756,Novel,15,Grocery,11.42,kg,9.54,2023-01-01 14:27:00
757,Bread,9,Books,97.36,liter,5.75,2023-02-11 01:12:00
758,Headphones,28,Clothing,7.63,piece,3.52,2023-11-22 04:57:00
759,Shirt,42,Clothing,194.14,liter,5.34,2023-10-27 07:45:00
760,Novel,6,Grocery,126.87,kg,7.99,2023-07-06 07:43:00
761,Headphones,33,Clothing,102.62,kg,9.63,2023-06-04 14:08:00
762,Backpack,42,Electronics,305.58,kg,6.33,2023-06-25 08:10:00
763,Headphones,25,Clothing,423.75,liter,3.9,2023-09-13 02:49:00
764,Backpack,42,Electronics,431.62,liter,8.8,2023-05-09 10:27:00
765,Laptop,50,Grocery,339.8,kg,7.09,2023-06-03 13:42:00
766,Milk,50,Electronics,318.89,liter,8.99,2023-10-09 22:07:00
767,Bread,38,Clothing,469.89,kg,9.07,2023-05-20 14:08:00
768,Novel,47,Clothing,214.31,kg,1.34,2023-05-17 17:44:00
769,Backpack,49,Electronics,54.41,liter,8.77,2023-09-11 14:29:00
770,Shoes,36,Grocery,171.5,kg,0.74,2023-08-16 20:52:00
771,Laptop,28,Books,39.73,liter,2.37,2023-05-31 06:29:00
772,Headphones,22,Books,35.09,kg,5.53,2023-04-03 22:56:00
773,Backpack,10,Books,434.56,kg,8.57,2023-04-22 18:13:00
774,Laptop,23,Electronics,26.94,kg,4.84,2023-09-11 05:32:00
775,Backpack,8,Electronics,486.37,piece,1.07,2023-09-08 15:46:00
776,Novel,2,Electronics,328.86,kg,3.3,2023-11-13 16:35:00
777,Laptop,17,Books,245.93,liter,5.82,2023-06-23 14:19:00
778,Milk,3,Books,350.84,liter,8.48,2023-01-29 16:25:00
779,Bread,15,Books,495.45,liter,6.11,2023-09-05 20:45:00
780,Milk,42,Electronics,111.07,kg,0.55,2023-02-23 20:55:00
781,Novel,2,Electronics,379.53,piece,7.64,2023-04-30 14:00:00
782,Backpack,28,Clothing,18.76,piece,9.73,2023-10-25 03:51:00
783,Headphones,34,Books,272.54,liter,2.33,2023-01-11 00:18:00
784,Shirt,12,Grocery,448.54,kg,2.18,2023-11-06 11:21:00
785,Milk,33,Electronics,344.05,liter,1.14,2023-11-11 17:21:00
786,Milk,6,Grocery,395.16,liter,4.18,2023-05-08 03:12:00
787,Laptop,49,Grocery,484.99,piece,1.69,2023-02-08 04:25:00
788,Laptop,11,Books,448.47,liter,1.26,2023-03-31 18:54:00
789,Novel,28,Clothing,274.76,piece,5.79,2023-07-27 16:48:00
790,Headphones,34,Grocery,426.62,kg,2.92,2023-01-15 12:10:00
791,Shirt,9,Electronics,485.96,liter,8.39,2023-06-09 01:01:00
792,Shirt,35,Books,323.6,kg,2.38,2023-05-04 19:30:00
793,Shirt,37,Books,266.91,kg,7.61,2023-01-29 02:10:00
794,Milk,20,Clothing,199.85,kg,1.86,2023-08-25 18:09:00
795,Bread,19,Electronics,250.76,kg,3.18,2023-11-19 14:52:00
796,Shoes,41,Books,446.71,piece,8.06,2023-06-27 08:10:00
797,Laptop,8,Books,68.21,kg,0.13,2023-10-05 21:33:00
798,Novel,30,Clothing,436.33,piece,7.66,2023-05-10 22:51:00
799,Headphones,6,Books,445.49,kg,3.0,2023-09-03 04:30:00
800,Novel,36,Grocery,127.51,piece,9.39,2023-07-28 07:07:00
801,Shirt,22,Books,394.61,piece,8.36,2023-09-11 07:48:00
802,Headphones,17,Clothing,140.75,liter,6.2,2023-08-13 01:17:00
803,Shirt,26,Electronics,428.81,piece,7.41,2023-12-08 11:48:00
804,Headphones,18,Grocery,302.64,liter,4.54,2023-08-15 17:33:00
805,Novel,49,Books,454.26,piece,9.95,2023-04-26 10:18:00
806,Backpack,15,Grocery,93.57,kg,5.48,2023-01-23 11:32:00
807,Laptop,39,Clothing,419.29,liter,7.59,2023-08-13 19:49:00
808,Headphones,17,Electronics,387.02,liter,1.97,2023-12-03 00:14:00
809,Laptop,16,Clothing,178.48,kg,9.5,2023-07-01 00:17:00
810,Headphones,36,Electronics,108.7,kg,4.9,2023-06-25 01:48:00
811,Bread,23,Electronics,68.57,piece,3.43,2023-07-18 11:22:00
812,Milk,46,Electronics,333.42,kg,2.31,2023-11-19 23:05:00
813,Backpack,11,Electronics,422.54,piece,5.75,2023-01-10 14:00:00
814,Laptop,10,Electronics,92.4,kg,8.05,2023-10-22 02:02:00
815,Headphones,48,Electronics,282.06,piece,8.94,2023-10-18 07:33:00
816,Laptop,1,Books,488.48,piece,6.99,2023-06-23 06:11:00
817,Headphones,31,Books,26.79,kg,7.27,2023-02-13 20:56:00
818,Shirt,47,Clothing,28.61,liter,1.47,2023-05-28 00:40:00
819,Laptop,42,Books,78.98,liter,1.47,2023-08-28 15:26:00
820,Bread,14,Clothing,48.36,piece,2.89,2023-05-22 21:38:00
821,Bread,8,Clothing,67.55,kg,8.65,2023-09-02 14:33:00
822,Milk,6,Clothing,35.15,kg,3.33,2023-10-23 11:12:00
823,Shirt,40,Electronics,462.14,piece,3.92,2023-08-12 01:10:00
824,Novel,25,Electronics,372.88,piece,0.44,2023-07-01 12:29:00
825,Backpack,20,Clothing,273.69,liter,7.92,2023-06-01 22:35:00
826,Novel,36,Grocery,52.92,piece,3.22,2023-07-14 11:53:00
827,Shirt,36,Books,48.55,liter,2.56,2023-06-24 19:50:00
828,Headphones,4,Clothing,344.0,kg,0.9,2023-09-16 22:23:00
829,Headphones,7,Grocery,21.85,kg,3.38,2023-05-13 01:19:00
830,Backpack,28,Electronics,65.63,liter,4.67,2023-11-13 22:25:00
831,Novel,23,Books,230.57,kg,9.42,2023-01-28 14:40:00
832,Milk,37,Grocery,234.18,liter,1.07,2023-03-03 09:07:00
833,Laptop,33,Clothing,306.21,piece,0.19,2023-01-29 22:50:00
834,Milk,17,Electronics,289.67,piece,1.39,2023-12-03 20:11:00
835,Shoes,15,Electronics,253.66,liter,1.4,2023-01-05 06:43:00
836,Bread,31,Grocery,172.58,kg,5.96,2023-10-09 14:44:00
837,Backpack,30,Books,484.42,liter,9.25,2023-05-24 20:23:00
838,Bread,1,Grocery,92.88,kg,7.17,2023-11-10 07:03:00
839,Shoes,28,Grocery,250.68,kg,6.75,2023-10-02 10:52:00
840,Shirt,12,Clothing,37.98,kg,1.02,2023-01-09 06:57:00
841,Laptop,50,Books,29.84,piece,0.53,2023-05-24 22:50:00
842,Laptop,9,Clothing,48.14,kg,4.19,2023-08-07 02:04:00
843,Backpack,15,Electronics,288.11,liter,3.32,2023-12-08 21:43:00
844,Milk,3,Clothing,151.92,liter,3.59,2023-11-16 20:25:00
845,Shoes,43,Clothing,73.93,liter,6.54,2023-10-26 11:12:00
846,Novel,14,Books,497.6,kg,1.62,2023-12-11 21:37:00
847,Milk,7,Clothing,338.5,liter,7.97,2023-12-17 16:49:00
848,Headphones,13,Electronics,446.24,piece,2.24,2023-07-01 07:47:00
849,Headphones,46,Electronics,472.79,liter,0.27,2023-05-20 21:30:00
850,Shirt,16,Grocery,180.45,piece,4.69,2023-01-27 17:37:00
851,Milk,14,Grocery,406.96,kg,0.27,2023-08-25 20:11:00
852,Novel,4,Books,367.11,liter,3.37,2023-01-11 01:55:00
853,Novel,35,Clothing,453.35,liter,1.3,2023-08-13 14:12:00
854,Shoes,36,Electronics,499.23,piece,0.99,2023-01-14 17:12:00
855,Novel,7,Clothing,95.52,liter,7.14,2023-05-28 22:59:00
856,Shirt,48,Grocery,464.32,piece,3.16,2023-12-28 00:25:00
857,Shoes,42,Grocery,268.89,liter,1.4,2023-12-12 17:16:00
858,Shoes,6,Clothing,486.96,liter,2.99,2023-06-24 01:58:00
859,Shirt,5,Books,116.73,liter,4.63,2023-03-13 14:05:00
860,Bread,43,Grocery,70.36,kg,6.45,2023-03-06 17:52:00
861,Shirt,9,Electronics,371.35,piece,6.45,2023-07-05 05:39:00
862,Shirt,33,Books,381.27,liter,4.15,2023-08-09 02:17:00
863,Headphones,36,Electronics,339.53,kg,7.55,2023-05-11 01:21:00
864,Backpack,32,Clothing,252.59,kg,0.32,2023-10-09 05:03:00
865,Backpack,16,Grocery,429.25,liter,4.45,2023-06-28 14:34:00
866,Bread,20,Electronics,105.23,piece,3.38,2023-09-02 22:40:00
867,Novel,47,Books,20.11,kg,1.6,2023-12-05 12:38:00
868,Novel,30,Books,265.74,liter,0.24,2023-03-23 18:16:00
869,Backpack,5,Electronics,277.71,kg,6.68,2023-04-03 16:41:00
870,Shoes,3,Clothing,33.28,liter,0.16,2023-09-18 22:42:00
871,Backpack,45,Clothing,128.98,liter,7.67,2023-03-30 21:03:00
872,Shoes,27,Grocery,83.11,piece,5.72,2023-04-11 09:07:00
873,Headphones,19,Clothing,304.88,piece,5.93,2023-03-16 12:37:00
874,Bread,24,Electronics,308.22,kg,9.68,2023-06-21 01:20:00
875,Bread,38,Clothing,93.21,piece,3.21,2023-10-11 04:20:00
876,Shirt,13,Clothing,490.52,liter,9.49,2023-05-08 20:26:00
877,Shoes,17,Electronics,260.78,liter,4.72,2023-04-26 01:24:00
878,Bread,48,Clothing,443.83,liter,0.22,2023-09-05 15:39:00
879,Milk,1,Clothing,107.58,piece,6.35,2023-10-03 07:11:00
880,Novel,4,Grocery,387.44,piece,4.34,2023-02-20 21:32:00
881,Shirt,4,Clothing,351.7,kg,2.86,2023-12-21 15:17:00
882,Novel,37,Electronics,351.73,liter,6.42,2023-11-23 19:58:00
883,Novel,15,Grocery,482.47,kg,2.3,2023-10-27 22:55:00
884,Novel,28,Clothing,323.14,liter,0.44,2023-12-26 12:02:00
885,Shoes,4,Electronics,72.69,piece,9.49,2023-09-04 03:25:00
886,Bread,38,Clothing,221.67,liter,1.39,2023-09-28 07:40:00
887,Backpack,26,Grocery,134.81,liter,6.58,2023-01-01 04:31:00
888,Novel,22,Electronics,170.34,kg,5.87,2023-08-16 06:34:00
889,Novel,16,Electronics,341.49,kg,5.67,2023-06-05 08:38:00
890,Backpack,26,Clothing,391.05,liter,2.39,2023-03-08 08:47:00
891,Headphones,50,Books,327.31,liter,6.31,2023-09-25 12:15:00
892,Novel,16,Clothing,201.77,piece,8.71,2023-06-08 18:22:00
893,Novel,16,Grocery,372.3,piece,1.98,2023-04-13 04:17:00
894,Backpack,19,Electronics,463.07,kg,0.74,2023-05-07 01:23:00
895,Milk,10,Grocery,482.91,liter,7.48,2023-09-16 16:56:00
896,Laptop,10,Electronics,16.55,kg,2.47,2023-08-21 09:38:00
897,Novel,34,Clothing,472.66,kg,1.04,2023-08-31 23:40:00
898,Milk,14,Clothing,262.48,kg,2.05,2023-05-22 17:44:00
899,Milk,4,Electronics,72.36,liter,5.92,2023-04-28 19:52:00
900,Laptop,46,Electronics,411.64,kg,8.88,2023-07-17 08:47:00
901,Headphones,6,Electronics,8.36,liter,0.6,2023-05-19 16:44:00
902,Shoes,36,Electronics,92.7,liter,8.09,2023-03-28 09:32:00
903,Headphones,41,Books,487.14,kg,2.32,2023-07-20 14:02:00
904,Bread,17,Electronics,472.61,piece,4.96,2023-08-13 18:26:00
905,Milk,39,Clothing,445.86,piece,7.98,2023-01-17 22:09:00
906,Headphones,45,Books,463.72,kg,8.41,2023-03-08 04:43:00
907,Laptop,23,Electronics,10.53,liter,4.08,2023-08-31 00:04:00
908,Headphones,2,Clothing,90.67,liter,9.52,2023-11-01 16:44:00
909,Novel,31,Electronics,318.2,piece,4.75,2023-05-15 07:08:00
910,Shirt,32,Clothing,287.12,liter,6.22,2023-10-06 16:25:00
911,Backpack,36,Grocery,246.33,kg,1.2,2023-09-07 09:34:00
912,Laptop,27,Grocery,293.24,liter,3.95,2023-03-02 21:03:00
913,Bread,4,Electronics,122.1,liter,8.8,2023-11-19 07:25:00
914,Laptop,12,Electronics,86.09,piece,5.21,2023-04-19 09:21:00
915,Novel,46,Electronics,460.03,piece,7.69,2023-07-27 01:11:00
916,Headphones,20,Electronics,372.77,liter,6.4,2023-08-13 07:08:00
917,Backpack,33,Clothing,58.8,liter,9.74,2023-04-10 17:54:00
918,Headphones,47,Grocery,450.93,piece,5.59,2023-12-08 17:42:00
919,Milk,40,Clothing,183.24,liter,4.65,2023-07-11 03:43:00
920,Laptop,26,Grocery,148.9,liter,7.62,2023-06-17 12:07:00
921,Shoes,37,Electronics,300.73,piece,0.24,2023-10-15 16:10:00
922,Milk,6,Grocery,24.97,kg,7.45,2023-06-28 01:26:00
923,Backpack,19,Electronics,216.48,liter,6.51,2023-06-20 23:10:00
924,Novel,36,Electronics,495.4,piece,1.04,2023-07-03 18:34:00
925,Backpack,18,Clothing,352.49,piece,0.82,2023-03-26 22:34:00
926,Bread,17,Clothing,197.34,piece,4.48,2023-08-13 18:09:00
927,Backpack,23,Books,110.75,piece,4.49,2023-05-17 02:09:00
928,Shoes,19,Books,79.96,kg,4.22,2023-03-07 14:48:00
929,Novel,1,Grocery,58.94,liter,0.65,2023-11-29 09:25:00
930,Shoes,12,Clothing,100.23,piece,0.45,2023-09-30 22:14:00
931,Shirt,29,Books,249.35,piece,1.06,2023-02-07 07:11:00
932,Bread,49,Electronics,471.73,kg,3.53,2023-09-27 21:49:00
933,Shoes,19,Books,298.61,piece,4.8,2023-12-27 18:41:00
934,Headphones,2,Books,121.56,kg,8.19,2023-06-03 00:12:00
935,Novel,29,Grocery,305.38,piece,0.31,2023-09-21 02:21:00
936,Laptop,40,Grocery,193.41,piece,5.86,2023-07-07 18:59:00
937,Novel,34,Grocery,404.53,piece,3.49,2023-06-14 15:10:00
938,Shirt,5,Books,282.44,liter,8.5,2023-12-14 13:51:00
939,Milk,2,Clothing,39.21,kg,5.18,2023-06-12 08:54:00
940,Headphones,7,Electronics,462.24,kg,1.28,2023-01-16 10:24:00
941,Laptop,40,Grocery,264.23,liter,8.64,2023-11-19 00:08:00
942,Headphones,48,Grocery,407.63,kg,3.32,2023-02-21 10:21:00
943,Laptop,11,Clothing,53.6,kg,0.57,2023-08-14 16:53:00
944,Backpack,41,Grocery,350.02,liter,6.13,2023-08-27 09:13:00
945,Headphones,18,Clothing,405.08,liter,8.89,2023-08-07 02:24:00
946,Shirt,40,Electronics,295.32,liter,4.3,2023-01-30 09:07:00
947,Headphones,9,Electronics,336.74,piece,1.98,2023-05-02 04:56:00
948,Shirt,5,Clothing,182.72,liter,5.09,2023-06-29 11:21:00
949,Novel,4,Electronics,464.45,kg,3.17,2023-01-19 03:46:00
950,Shoes,16,Books,115.18,liter,6.54,2023-05-03 22:57:00
951,Novel,37,Clothing,121.99,kg,7.25,2023-10-05 03:40:00
952,Headphones,31,Clothing,302.46,liter,8.77,2023-08-01 09:40:00
953,Shoes,5,Books,409.72,kg,8.36,2023-11-20 05:46:00
954,Milk,1,Clothing,158.97,liter,8.19,2023-02-14 01:02:00
955,Headphones,43,Books,332.12,kg,8.27,2023-12-25 01:03:00
956,Shirt,47,Clothing,152.52,kg,5.67,2023-08-24 03:33:00
957,Shoes,47,Electronics,212.32,piece,9.5,2023-07-19 12:25:00
958,Shirt,49,Clothing,415.03,kg,0.26,2023-10-18 11:50:00
959,Shirt,30,Clothing,14.76,kg,5.14,2023-05-18 16:19:00
960,Headphones,24,Clothing,238.44,piece,1.95,2023-01-19 05:45:00
961,Novel,24,Clothing,244.58,piece,9.11,2023-07-10 03:32:00
962,Backpack,41,Grocery,33.85,kg,0.62,2023-12-07 06:12:00
963,Headphones,27,Electronics,124.62,kg,0.87,2023-10-03 05:55:00
964,Shoes,13,Books,148.05,kg,7.0,2023-04-18 23:49:00
965,Backpack,13,Electronics,300.6,piece,7.31,2023-11-19 15:52:00
966,Novel,16,Electronics,119.96,kg,1.29,2023-02-25 16:55:00
967,Novel,44,Electronics,366.07,liter,9.75,2023-04-20 08:54:00
968,Bread,36,Books,258.21,liter,7.61,2023-10-09 18:46:00
969,Laptop,32,Books,468.49,piece,7.07,2023-09-14 03:27:00
970,Shirt,6,Clothing,125.08,piece,4.96,2023-05-27 16:10:00
971,Shirt,36,Clothing,90.6,piece,6.7,2023-04-28 09:42:00
972,Novel,4,Grocery,252.36,liter,1.53,2023-04-06 13:07:00
973,Headphones,7,Grocery,331.98,piece,2.42,2023-08-13 12:12:00
974,Novel,24,Clothing,385.08,kg,4.0,2023-10-15 12:32:00
975,Backpack,35,Clothing,369.74,piece,4.87,2023-03-03 01:09:00
976,Backpack,9,Clothing,328.45,kg,5.72,2023-10-18 00:06:00
977,Shoes,5,Electronics,437.05,kg,3.78,2023-06-30 18:41:00
978,Backpack,8,Clothing,379.24,piece,1.43,2023-04-08 17:53:00
979,Shirt,37,Clothing,274.13,kg,3.0,2023-07-30 01:44:00
980,Milk,32,Grocery,418.5,kg,3.63,2023-07-29 12:24:00
981,Shoes,46,Clothing,118.85,liter,5.72,2023-02-21 04:26:00
982,Backpack,17,Books,352.83,kg,5.07,2023-11-15 09:47:00
983,Backpack,34,Clothing,308.72,kg,3.94,2023-05-10 03:42:00
984,Bread,48,Grocery,116.91,kg,9.42,2023-05-05 19:52:00
985,Novel,12,Grocery,239.07,kg,9.96,2023-03-03 04:26:00
986,Novel,47,Clothing,139.12,kg,8.54,2023-11-08 00:53:00
987,Shoes,2,Electronics,146.13,kg,7.27,2023-09-19 02:25:00
988,Backpack,10,Electronics,411.54,kg,2.94,2023-05-23 17:42:00
989,Milk,45,Electronics,480.28,piece,6.14,2023-03-02 04:53:00
990,Headphones,2,Books,209.35,liter,5.59,2023-12-15 09:19:00
991,Novel,34,Books,435.83,kg,2.77,2023-10-20 04:38:00
992,Laptop,16,Books,359.16,piece,4.45,2023-06-10 02:45:00
993,Backpack,2,Grocery,139.77,kg,3.25,2023-12-20 02:20:00
994,Laptop,31,Clothing,267.12,kg,7.11,2023-05-30 08:14:00
995,Milk,42,Grocery,30.19,liter,4.66,2023-11-12 23:19:00
996,Shirt,32,Grocery,181.99,liter,9.77,2023-05-16 17:28:00
997,Shirt,46,Books,306.11,piece,4.79,2023-06-29 20:12:00
998,Backpack,48,Books,464.92,piece,0.15,2023-06-10 23:48:00
999,Laptop,19,Grocery,292.28,kg,7.32,2023-01-04 13:35:00
1000,Bread,46,Grocery,11.29,piece,9.49,2023-11-01 22:49:00
